	P19_0001_BDO_01	P19_0001_BTR_01	P19_0002_BDO_01	P19_0002_BTR_01	P19_0003_BDO_01	P19_0004_BDO_01	P19_0004_BTR_01	P19_0005_BDO_01	P19_0005_BTR_01	P19_0006_BDO_01	P19_0007_BDO_01	P19_0007_BTR_01	P19_0008_BDO_01	P19_0008_BTR_01	P19_0009_BDO_01	P19_0009_BTR_01	P19_0011_BDO_01	P19_0011_BTR_01	P19_0012_BDO_01	P19_0012_BTR_01	P19_0013_BDO_01	P19_0013_BTR_01	P19_0014_BDO_01	P19_0014_BTR_01	P19_0015_BDO_01	P19_0015_BTR_01	P19_0016_BDO_01	P19_0016_BTR_01	P19_0018_BDO_01	P19_0018_BTR_01	P19_0019_BDO_01	P19_0019_BTR_01	P19_0020_BDO_01	P19_0020_BTR_01	P19_0023_BDO_01	P19_0023_BTR_01	P19_0024_BDO_01	P19_0024_BTR_01	P19_0025_BDO_01	P19_0025_BTR_01	P19_0026_BDO_01	P19_0026_BTR_01	P19_0027_BTR_01	P19_0028_BDO_01	P19_0028_BTR_01	P19_0029_BDO_01	P19_0029_BTR_01	P19_0030_BTR_01	P19_0031_BTR_01	P19_0033_BDO_01	P19_0033_BTR_01	P19_0034_BDO_01	P19_0034_BTR_01	P19_0035_BDO_01	P19_0036_BTR_01	P19_0038_BDO_01	P19_0039_BTR_01	P19_0040_BDO_01	P19_0040_BTR_01	P19_0041_BDO_01	P19_0041_BTR_01	P19_0042_BDO_01	P19_0042_BTR_01	P19_0043_BTR_01	P19_0045_BDO_01	P19_0045_BTR_01	P19_0046_BDO_01	P19_0046_BTR_01	P19_0047_BDO_01	P19_0047_BTR_01	P19_0048_BTR_01	P19_0050_BDO_01	P19_0050_BTR_01	P19_0051_BDO_01	P19_0051_BTR_01	P19_0052_BDO_01	P19_0052_BTR_01	P19_0053_BDO_01	P19_0053_BTR_01	BladderlocationDome	BladderlocationTrigone	HistoryofsmokingNo	HistoryofsmokingUnknown	HistoryofsmokingYes	SexF	SexM	BladderlocationDome_SexF	BladderlocationDome_SexM	BladderlocationTrigone_SexF	BladderlocationTrigone_SexM	all_samples
P19_0001_BDO_01	1.0	0.7176579013632257	0.6454695567765676	0.6811291793138932	0.7476596448107934	0.5538409565594984	0.5816067132559252	0.687762660453168	0.7244436354069708	0.6728157759895568	0.6822920723451174	0.7138615859905788	0.6938303360221728	0.6656614544008127	0.6347728553770337	0.6361478069921813	0.7246599832459517	0.7465230793708393	0.6482971835361203	0.6537818741437733	0.726272295464987	0.6624471089527204	0.627654687440159	0.6612298165434705	0.6774334299911892	0.618775714822194	0.6482548073701534	0.5858628903093778	0.6431248509143208	0.5600225511009681	0.5510835358673863	0.6709311641922283	0.6416743243910873	0.7299387810287541	0.6534295045927045	0.600226822444608	0.7767598629785076	0.685672811109954	0.6830706014434473	0.615033874755914	0.5673948521643578	0.5597514853057337	0.5647776725770872	0.6343739341613074	0.674864455782735	0.526673358082832	0.6199636774857028	0.6526439571354433	0.5951089319918343	0.7947716864391217	0.5112844070430462	0.5450619915641723	0.6308886127070803	0.5750276097427742	0.6201001160740715	0.6909037545105862	0.5483045790447285	0.53568246525611	0.515897289049372	0.6255712671035824	0.5217644873810288	0.6568066170678972	0.6911268313827755	0.6824815417325298	0.5330766829765472	0.5390054392334631	0.7605670869060329	0.6205371146003431	0.7293696276808791	0.6542894666463891	0.7287307270230156	0.612092897013358	0.5991877562230069	0.6392787714909647	0.5922084884598597	0.5817574853835086	0.5674626621457728	0.642409025529501	0.691533695474441	0.6905851049337753	0.6835746030029902	0.7109498023792993	0.7264218296887337	0.6750508282500665	0.7031855543350509	0.6762731048449029	0.7017546509995546	0.6797448049288215	0.7012956232057335	0.6721357581949664	0.6873291730463459
P19_0001_BTR_01	0.7176579013632257	1.0	0.697302617125894	0.6977201538842592	0.8501091254722098	0.8118777820436215	0.8496983282946143	0.730388015967562	0.8171453258411039	0.7599872971195472	0.7188411319462947	0.7915603872550118	0.6852869087462709	0.6545635520389435	0.6134121860319415	0.7297242030876878	0.83077986797573	0.8317362449496113	0.7976420965989268	0.8294605973961435	0.577301037725211	0.5605067099007386	0.8091222605018237	0.848274200337311	0.7880776710315975	0.7322261450713904	0.8270214459554832	0.7758817709102708	0.6780419063701382	0.6477419197384194	0.7854336000842602	0.8133106834784471	0.8146388924855883	0.8129563402508398	0.7104152019458531	0.6744060927616764	0.7540418063886467	0.676915823558157	0.6601520033245275	0.6299613176580388	0.8692467684039824	0.8780862214606124	0.5011844265491345	0.7479586464646332	0.7752592046626168	0.6657286517587672	0.7844062448213156	0.5102041596028547	0.8140095097029247	0.8545302922432265	0.8102908193704824	0.8142462576440567	0.8924853226857921	0.6280674983549008	0.5916258647593461	0.7817361151955727	0.7050057961041335	0.7453116114567531	0.7652977433365631	0.8074100043505635	0.7646049745919984	0.850796595703095	0.788159196464822	0.899917553523356	0.6076410779854425	0.638339190191347	0.7672643640745712	0.7888661883311847	0.8770677003270902	0.8434213611193865	0.6956369929497341	0.8511618941590999	0.8341348140804264	0.7243301366180126	0.6806095516038653	0.5822389851541926	0.703097781170553	0.7422904184915476	0.7791304990992256	0.8185290901668529	0.8255517704121234	0.8469583108768655	0.8382631387381221	0.8108975372129509	0.8145630199148421	0.822383258886743	0.8007245779002307	0.8221503874543175	0.8257304696960289	0.8212893430504489	0.8225481126289146
P19_0002_BDO_01	0.6454695567765676	0.697302617125894	1.0	0.9562491164102112	0.8881090517427466	0.8539066935988124	0.8606129500561756	0.8724266477792286	0.8528582278570619	0.8653584211407924	0.8257992188216943	0.8319149851837083	0.9187707475131786	0.9394130777694859	0.9171282869563226	0.9306697976728706	0.8958210443365888	0.8827912275073699	0.9189223142937231	0.8898341457600367	0.7311273155140554	0.741220439608657	0.8772358391475322	0.8600679687245255	0.9163416279445973	0.9230854949872825	0.8466883680129079	0.8719273661635513	0.9215483651780144	0.8874305302206138	0.8414635429744534	0.8332659501671983	0.893087346576817	0.8805398675182562	0.952279721925714	0.9273583047051649	0.7774595391686341	0.8182479681809051	0.8749172396415283	0.8920726777626954	0.8261370259657915	0.8078696757647301	0.7459036203764777	0.8930342136754139	0.8720762840201659	0.8668116766179395	0.8887748997968102	0.7696286637277885	0.8020611581240323	0.7357541762344345	0.718794855111955	0.8472401207481125	0.8088890850471706	0.8667453790447489	0.6421455918135819	0.8889049735890809	0.9006192742586574	0.8302021308580828	0.8250289036226828	0.8498017172659249	0.8398014044649347	0.8966904133201342	0.9113975968190255	0.8018262793472306	0.8489116045977254	0.89134247250151	0.8779271728517927	0.8713364422635915	0.8291294625788541	0.8426296522234592	0.9188214331588528	0.852277939852262	0.8759617887763186	0.8828857282094177	0.8979659148580154	0.7718659432746101	0.8443486914162022	0.8657290160711131	0.8830371281134072	0.9437973430319206	0.9457868281186653	0.9167398243932389	0.915132496809535	0.9508705934075431	0.9509280452609378	0.9383443833900237	0.9493629256686315	0.9340486995760583	0.9479773295319693	0.9408864041172605	0.9453962920667808
P19_0002_BTR_01	0.6811291793138932	0.6977201538842592	0.9562491164102112	1.0	0.8770451143649086	0.8232817620210879	0.820388734215381	0.8765054268109798	0.8478834716401956	0.8490346204428312	0.8161080509642309	0.8059959930671596	0.9084890094249496	0.9495854336351588	0.8946899928450981	0.8942809829134841	0.8830436467251154	0.8746249791673566	0.9343959412629214	0.8854302671985632	0.7306101556350676	0.809407656360414	0.8462494179659593	0.8403150099080874	0.9139304340261863	0.915751750194787	0.8244882260977778	0.8443259136929755	0.8868546955717775	0.837312252645711	0.8416032724023315	0.8580242546157131	0.8971113241180272	0.8738759203812937	0.9380109344689948	0.9102356349190651	0.7680106321787457	0.7924433669778556	0.8904934903259393	0.8724669238656936	0.7981121982101282	0.7815578279301708	0.6957930292067004	0.8520979923140839	0.8344375045287813	0.8554888644506028	0.8722731256767361	0.8129471336703346	0.7746728280619767	0.7562475473371292	0.6579923753154836	0.8147124634424714	0.7905570175187315	0.8687346386230118	0.5986564335184881	0.8890497334712437	0.8652017728789768	0.7954217651802643	0.805671381914851	0.8510016283687535	0.8112492142526057	0.8590587811694261	0.882958374989702	0.7906153753551419	0.8269179036283077	0.863755825759967	0.8682917439617619	0.8194311269604648	0.8151658752769593	0.8428409948957206	0.9380727446879894	0.8397933781910046	0.8494534934988547	0.8850088288164477	0.8718366035589539	0.7766970806639036	0.8541882903576389	0.8311230204370225	0.8665193157939132	0.9279910446066789	0.9279608501234	0.9072258839758626	0.9003700433694167	0.9317111735717795	0.9457491677928599	0.915700926227167	0.9444308449858368	0.9127809330057041	0.9434901951265091	0.9170612894488971	0.9284322669056444
P19_0003_BDO_01	0.7476596448107934	0.8501091254722098	0.8881090517427466	0.8770451143649086	1.0	0.8923885224364302	0.9218403672020201	0.9067245088295746	0.9269442255681712	0.8989958414080276	0.8447022453291073	0.9148753599577596	0.8658628661739953	0.8623870322047922	0.8291776562213761	0.8758128680816147	0.9522448888945215	0.9393171293562012	0.9065432129735702	0.8967468373672406	0.7137051728156685	0.7338500472611434	0.9122685333745792	0.9182709819166279	0.9475529869557178	0.9274494930441551	0.902886290632278	0.9076690969577728	0.8927583296150692	0.8591370405010553	0.9019874491350824	0.9234672092872708	0.9363100682194642	0.9351430861729897	0.9061515749451134	0.8509500914912506	0.8111581590658027	0.7905286629409182	0.8859280091030209	0.8810598319931259	0.8887482080328308	0.8884177660251998	0.7020171728045693	0.9029866879611553	0.9154512794994211	0.8616923632418368	0.9215015396392934	0.7156132548344519	0.8856693809694265	0.8591761773653668	0.795028382029146	0.9046493231233693	0.9128166721879797	0.8451486519264109	0.6661037293734565	0.924600396334617	0.8811484072736837	0.803560772182498	0.8053379464347079	0.9173652782077976	0.9011180421865258	0.926931349427891	0.916068290075913	0.9007230679489363	0.8175695294547383	0.836922133133663	0.9133671837459031	0.8812581834282477	0.9114822469526055	0.8943946603833088	0.8618872587575599	0.9248817320315524	0.9061327485319997	0.9183452470581873	0.89892681315336	0.769116062258155	0.8182043579066524	0.8827206283962987	0.9109409584521736	0.965226606814487	0.9617912867446179	0.9722662205262615	0.9632479720862475	0.9574097703571763	0.9669744340832435	0.9580985405363267	0.9667215518456888	0.9576329005991174	0.9627791178834486	0.9569671488279757	0.9640856858341413
P19_0004_BDO_01	0.5538409565594984	0.8118777820436215	0.8539066935988124	0.8232817620210879	0.8923885224364302	1.0	0.969708685748353	0.7560522528850528	0.7742229527915158	0.8983457981258782	0.7377535716291022	0.8162576872850171	0.8084122935888142	0.7846547194328136	0.7359290222034335	0.8515382772566779	0.9037469784050298	0.8822188839351489	0.864088689561566	0.8978958782531886	0.516545949348526	0.5249716560709828	0.9382852211935826	0.9075519980105327	0.8792467195325758	0.8945422519761539	0.9047433664925231	0.9014195984723822	0.8438964210921088	0.888691452663301	0.918056725058664	0.885252241913786	0.8856226748166145	0.8403550666813138	0.9032569675815147	0.8926832813985828	0.7117295165670942	0.7197277021679115	0.7586779488218564	0.8375216708817317	0.9238368541995453	0.936993700928602	0.561273832571051	0.9303333813234931	0.8995876536703808	0.9167065834332674	0.9526792225911829	0.573296547760801	0.9301138615397643	0.7659169367542378	0.7844820483729903	0.9715331241881348	0.9369852641943659	0.8364520197691536	0.5295132842598655	0.8586082982276864	0.9217241388097144	0.7934329829628093	0.8472591997001219	0.843676889764195	0.9178220991924694	0.9378121479213312	0.8961423506367572	0.9081424120199963	0.8239723141518877	0.8477619482105428	0.8059038999876058	0.8794449370032265	0.8877796802055586	0.847733011944018	0.7707734819321007	0.9685912911826617	0.9613848261360042	0.8934245203986523	0.9199109030989896	0.6900964559793902	0.7814785025487054	0.9052369229447697	0.8875905274503694	0.9403315135533554	0.9478141350335021	0.9180399383128377	0.9022178371003383	0.9504394758473855	0.9132051946464846	0.9555661991254906	0.8993563219639664	0.9548656374046975	0.9236658612302148	0.9546354617856315	0.9447355859712265
P19_0004_BTR_01	0.5816067132559252	0.8496983282946143	0.8606129500561756	0.820388734215381	0.9218403672020201	0.969708685748353	1.0	0.8295057357245879	0.8453562334126463	0.8902786187156915	0.8003872099822287	0.8554416319678204	0.7966619147862862	0.7843822378147577	0.7522529580191146	0.8577854381548832	0.9206650035135148	0.9035058189673275	0.8944711470790014	0.8953313794653237	0.5692864323642323	0.5783916687652354	0.9409300168740199	0.9214349799012443	0.9067715565390428	0.9050980870191647	0.9120434072306849	0.9149424057942263	0.8611826603553835	0.8768362864969169	0.9301671404750202	0.8984362768749574	0.9234672212911061	0.8822421619482332	0.8862405672919578	0.8553938476112735	0.7292551487144532	0.7434955231867658	0.7816776964101397	0.8506573324713953	0.9434542081857222	0.9532902476705664	0.6276430300964447	0.9233577349519753	0.9202090757131766	0.9032349215156283	0.9336072320780516	0.5989655179719894	0.9226293994589388	0.8137213033816099	0.8293637745892081	0.9750582313645344	0.9573185535576636	0.829031087169696	0.6008393014184997	0.8733714749066844	0.9207916849179578	0.8287700600383133	0.8634401970611407	0.8818300798811409	0.9253246969663428	0.9496791551353245	0.9008311685568783	0.9147030025105337	0.8074333802448898	0.8495553477864296	0.8365311637200794	0.8906942354068111	0.9035298153678444	0.894511694489659	0.7823674205932813	0.9758854238876609	0.9712412895318175	0.9046420264479911	0.9142273107328659	0.7024023693281264	0.8209999555663346	0.8954006963359467	0.8832925240435816	0.9536072395056425	0.9592558982012696	0.9474432595246229	0.931129205946345	0.9570031045758298	0.9336567121909762	0.9639132762213509	0.9255291842473333	0.9614051475251467	0.937920689043178	0.9646679060341129	0.9570865620081824
P19_0005_BDO_01	0.687762660453168	0.730388015967562	0.8724266477792286	0.8765054268109798	0.9067245088295746	0.7560522528850528	0.8295057357245879	1.0	0.9571789157780753	0.8049967401150345	0.9173826589565607	0.8786980384894632	0.7907007726690706	0.8436761526611489	0.8560856003017702	0.8174742781485919	0.8900645262197424	0.894219882179396	0.8744593371983133	0.7929730718433836	0.7671709539235242	0.8308180680244353	0.8269175464356451	0.8274398671733395	0.9276049115355183	0.8884942705507524	0.8389019145263827	0.8788474198530324	0.8879814405467509	0.8061984984543018	0.8354914527431685	0.8548793206120501	0.9166064465801186	0.9229904130603448	0.8397259749090026	0.7420409201045415	0.7209672308036944	0.7081850907637716	0.8956590497747832	0.8688234864015651	0.8087692166166001	0.7984946473671218	0.7830987046516533	0.8199604857303927	0.8415084527286948	0.7896103697697046	0.804861669185556	0.7694332989841123	0.7571991420356592	0.7908468019028605	0.7293982620465925	0.7937486374164807	0.814070476960242	0.8075379287783266	0.7001386641841683	0.8520486059698229	0.8288867571611251	0.8199913897154748	0.7685447435041539	0.9123138534168341	0.8312220105566285	0.8468478813211219	0.8692763824474093	0.7562420821367701	0.7732985330595832	0.7994162654699672	0.8951061355504367	0.7943136515726548	0.8102230757986143	0.9022640947316173	0.832087379998096	0.8165672264431888	0.8390016525890576	0.8852669046102156	0.8308598213403118	0.7580720326488972	0.8851748211437753	0.7741634537993239	0.8271157616927868	0.9102548904450978	0.8996140190154146	0.9271269084715583	0.9208356176454142	0.8942615359825097	0.9276355807822049	0.890310086455705	0.9389059249635722	0.8888998085608204	0.9116702976335346	0.890212351223293	0.9053840574116895
P19_0005_BTR_01	0.7244436354069708	0.8171453258411039	0.8528582278570619	0.8478834716401956	0.9269442255681712	0.7742229527915158	0.8453562334126463	0.9571789157780753	1.0	0.8258651607866238	0.9107502538228047	0.897189619928441	0.791899189965392	0.8271051023302481	0.8357788404687235	0.8200293395514602	0.9040816862747239	0.9185342353205864	0.8770778346352305	0.8103463126530566	0.7992986420886797	0.8290604416360073	0.8345284058993775	0.8585452588690242	0.9222690256197003	0.8660907189199091	0.8394656249758283	0.8849430324368707	0.8568145738534644	0.7869262893704883	0.8415148821299103	0.8681383806788687	0.9061812380079304	0.9434319677166867	0.8248378494699036	0.7315952480182969	0.7920474764966836	0.7356242793749604	0.8639264323025906	0.8459538867558084	0.8330860401482673	0.8305076834490729	0.7736813194905865	0.8275005715454283	0.8644904901864264	0.7595381520712906	0.8155571289837866	0.7519624434429177	0.7885554864358023	0.8456717580197913	0.7704721492399823	0.8076530082960903	0.8528500233749271	0.7648055286411954	0.7198965591062246	0.8622903612612155	0.8098753547159949	0.8208408819208641	0.7830569443313499	0.9237061694963852	0.8342091432275901	0.8714035973862176	0.8763418978041041	0.813256427391843	0.7343340385986714	0.7661927870675064	0.9189683106401597	0.8090315794679732	0.8572659132875498	0.9179661718720932	0.831854786232873	0.8331530723999612	0.8445628872254048	0.8732363377500502	0.8203935136165821	0.7276607442622289	0.8558712758634622	0.7896225603793765	0.8580617084289146	0.9113062827363542	0.9071782602593008	0.9410377249377511	0.9376965642661407	0.8950666351675777	0.9286769810515817	0.8961972625033121	0.9324393662477647	0.8938344912148165	0.9205464382344825	0.8970165215255218	0.9097281623374436
P19_0006_BDO_01	0.6728157759895568	0.7599872971195472	0.8653584211407924	0.8490346204428312	0.8989958414080276	0.8983457981258782	0.8902786187156915	0.8049967401150345	0.8258651607866238	1.0	0.7596759250746724	0.8707470202782656	0.854968637003142	0.8323636520533478	0.799786141437242	0.85039156922162	0.9183926722879413	0.9093868495650226	0.8298950658242376	0.8577322770171497	0.6983680971685579	0.6151496206496667	0.8983089167925921	0.8898757373680014	0.894033002469225	0.9106358803651751	0.8518477636190646	0.8761164585669755	0.8790138734672753	0.878235204765723	0.8781695663221701	0.8989418622321695	0.8503568067183279	0.8731731288616494	0.879805929254212	0.8672627820585825	0.7987126793920001	0.7628150424753434	0.8209417723137519	0.8816236168957154	0.8457845006205112	0.8679033669459753	0.6711583075165162	0.9279617513049174	0.9027578318767153	0.901508716564692	0.9352417093865766	0.7339568877102681	0.8759002010500283	0.800495578762451	0.6761620833822991	0.8961106360283082	0.8721440951657323	0.8554408870366721	0.6007116716086041	0.8789807158096913	0.8986291928461186	0.7277269014921568	0.7216875352250132	0.832536946323423	0.8558335353910895	0.8892828663591913	0.8947296000685212	0.8512454204689688	0.7776814134588129	0.829497432991735	0.8853047650704373	0.8358831282092921	0.8729156124265841	0.8264490739480225	0.8276520676063892	0.8925806127834046	0.8819569591959088	0.9160734346194452	0.914688483209657	0.7646478103357502	0.7360788141873147	0.8837231568441171	0.8994198635828867	0.9338695156530896	0.9351150726605849	0.9268696247300926	0.9166856710975437	0.9340651199744504	0.9228987428156488	0.9364862665979324	0.9184319313520862	0.934996813214556	0.923267647970608	0.936475175768607	0.9350252226732234
P19_0007_BDO_01	0.6822920723451174	0.7188411319462947	0.8257992188216943	0.8161080509642309	0.8447022453291073	0.7377535716291022	0.8003872099822287	0.9173826589565607	0.9107502538228047	0.7596759250746724	1.0	0.8519651404934221	0.7477386860716003	0.7679835084257897	0.7752872350426265	0.7762864379057358	0.8378090500003168	0.8432346100522041	0.8200753923592577	0.726352777440218	0.7367357404144464	0.7625719156511409	0.7662922006844314	0.7538001693432215	0.865344582179125	0.7986638357209539	0.7969441801674629	0.839607638794996	0.84335583482284	0.7788863409870312	0.7418325000347173	0.746526218086622	0.8498353644771051	0.9096381340426185	0.7800281382653989	0.7064747171625588	0.6742504900451556	0.6824773332483496	0.7797059004039412	0.8058439383625798	0.7598751112769304	0.7419012177560275	0.6896997232260687	0.8115928941378678	0.8545880486220148	0.7362528162998729	0.7689081554831121	0.7030435173894365	0.7157658833080953	0.7749812070056207	0.6836253111457568	0.7637297349330114	0.7926716283695004	0.6869616404044361	0.7221725622305459	0.7780318825108097	0.7774956853113475	0.8482849944520195	0.7292969068105021	0.849406015985375	0.7897687890598356	0.840790335202074	0.8305243628968164	0.7442925299460164	0.7601264528944616	0.7787873643012001	0.8252153235380492	0.7607504668808596	0.7954127794774921	0.8804124708262917	0.7515521127431246	0.7860553694216719	0.8352651244839879	0.8208113446518659	0.8025504300864581	0.604447641862967	0.8842982520531557	0.765826221534274	0.7856135892424729	0.858314808373388	0.8553214695293347	0.8629192164432853	0.8705092647814056	0.8510728677186571	0.8651292341929604	0.8495835426036142	0.8648137098065015	0.8486722870290956	0.8610904560486927	0.8490644537767381	0.8573616020034087
P19_0007_BTR_01	0.7138615859905788	0.7915603872550118	0.8319149851837083	0.8059959930671596	0.9148753599577596	0.8162576872850171	0.8554416319678204	0.8786980384894632	0.897189619928441	0.8707470202782656	0.8519651404934221	1.0	0.8136708217024855	0.7728789087067034	0.8033906977202298	0.7985557881766506	0.8862079684205005	0.8886035495470003	0.81656119732169	0.8039291292575673	0.757578031099944	0.7083153192288145	0.864434028304326	0.8652774623302423	0.8672948616815502	0.8571690750697059	0.8333710156093966	0.8732369149902822	0.8830211494009967	0.8415515060311988	0.8135188141458087	0.8553252755756422	0.88526949911724	0.9139573733279731	0.8279938333205835	0.7914243805809252	0.7996281288426189	0.7593416733850268	0.8254102980642769	0.8597628841960652	0.8127829901111309	0.82533955411065	0.7639508324854538	0.874589755455812	0.9041016703572786	0.8170624687338311	0.8588617659717768	0.7096288023621968	0.8418131042940694	0.8216512548828863	0.73985392682613	0.8421191328575698	0.8623317917506159	0.7941468175296988	0.7025019321044235	0.836944372391742	0.8430132639006624	0.7706077329896734	0.7057795586089135	0.8356453853069409	0.8484152774073231	0.8784160703100843	0.8773046732356301	0.8369219604926493	0.7598085950050633	0.7613593452355937	0.879717086620315	0.803711690766393	0.867521922488844	0.8378075452732353	0.7875313925159477	0.854878417766519	0.8453172455108172	0.8731047677053114	0.8530120270837326	0.7163683952581033	0.7507400346359447	0.8340828484218669	0.9027141813904297	0.9064624116845288	0.9065038818232304	0.9210321027188573	0.9203157435029519	0.8981228887601814	0.9043079289748381	0.9040743181356999	0.90297691699029	0.9017285507231804	0.9013655666907413	0.9048410081220032	0.9070364483041513
P19_0008_BDO_01	0.6938303360221728	0.6852869087462709	0.9187707475131786	0.9084890094249496	0.8658628661739953	0.8084122935888142	0.7966619147862862	0.7907007726690706	0.791899189965392	0.854968637003142	0.7477386860716003	0.8136708217024855	1.0	0.9315466894160219	0.8958868905819171	0.9251289467059953	0.8469147217328443	0.8249355975121192	0.8797374965863417	0.9010048077772319	0.7367898559320808	0.6908147251527231	0.8335972926887893	0.8061408075333291	0.8584291429731185	0.8605219405537019	0.8006588843657321	0.818976558021734	0.8182496008285398	0.8009574516212609	0.7964480443530235	0.7984715411694676	0.8334530601971553	0.8407432566001909	0.9092027452693544	0.8806004672427226	0.8155635542148828	0.8355934064658077	0.7843956483268172	0.8167779459148028	0.780180589146865	0.751783574169646	0.6904558492614676	0.8194177397049482	0.7978601951296229	0.7911053718339891	0.843207006625557	0.7617965795370918	0.7631643025798733	0.7341855164173448	0.7067337109800711	0.7983592422865561	0.7587379027255802	0.7921813581572223	0.6391589015237029	0.8815581815386478	0.8466594937629018	0.7647962487548925	0.7392692720499935	0.7986566046535772	0.7948738168421159	0.8151193155704453	0.8242654393074743	0.7958101696832708	0.7797143981639003	0.802981973445514	0.8109084095759024	0.8107910324373333	0.8118026738007391	0.7565704305616928	0.90000939591123	0.7918656665052163	0.7994008192451547	0.819169034079917	0.8178145169189552	0.7399523140102104	0.7258367956437287	0.8334787697157523	0.8336565162755708	0.8884317247393823	0.8905740476961784	0.8678349597518495	0.8549468828738811	0.8940602513534989	0.9040168419957981	0.8789595374280779	0.8958854014400773	0.8778757715196124	0.9082587786526818	0.8787175924802715	0.8899922708687014
P19_0008_BTR_01	0.6656614544008127	0.6545635520389435	0.9394130777694859	0.9495854336351588	0.8623870322047922	0.7846547194328136	0.7843822378147577	0.8436761526611489	0.8271051023302481	0.8323636520533478	0.7679835084257897	0.7728789087067034	0.9315466894160219	1.0	0.9257598667161135	0.9211080942809139	0.8558465625292444	0.8387687752604193	0.9074422448488477	0.8912863237589873	0.7375566169706252	0.7867817992094402	0.8092668000832848	0.8002572238338211	0.8958428788356442	0.9051710852465995	0.7988194613606149	0.816337664771911	0.8402379419258497	0.7955404908965684	0.8180405821157193	0.8263208097576309	0.8526760860555079	0.8533680673146516	0.9214437654913988	0.8735403606951281	0.7673568966338745	0.7972595960037091	0.8662196962689966	0.8519779322747101	0.7749426995020808	0.7385769264323964	0.703622929749631	0.8125067627740813	0.7821513783346973	0.8150634385090036	0.8409192388660065	0.8227775951454187	0.7398264565932594	0.7369310369556961	0.6628200839416375	0.7740252186786749	0.7333938761337747	0.8355434788760019	0.5901214798177117	0.8914845199137167	0.8597376261663162	0.7849670306259489	0.7596161658980631	0.8426214687533444	0.7896965861099209	0.8000703794294795	0.8373630223278624	0.7547703098469999	0.7944024401015889	0.8290114368237803	0.8501039121775392	0.7899724032197547	0.7864988737219799	0.7923900584777454	0.9409584204097484	0.7779650625873994	0.787422748808831	0.8513725200521021	0.8296160131541146	0.7865948807265122	0.8019003115546266	0.7984581183391384	0.8115969974108301	0.8977713179881998	0.8979210133288231	0.8792271244472378	0.8692270948100868	0.9012207244651509	0.9251306003901798	0.8810561333617	0.9243526233177348	0.8774552731303366	0.9221235071652611	0.883170558179752	0.898272595350505
P19_0009_BDO_01	0.6347728553770337	0.6134121860319415	0.9171282869563226	0.8946899928450981	0.8291776562213761	0.7359290222034335	0.7522529580191146	0.8560856003017702	0.8357788404687235	0.799786141437242	0.7752872350426265	0.8033906977202298	0.8958868905819171	0.9257598667161135	1.0	0.9043390508974931	0.838527633374069	0.823439010998924	0.8571968690471368	0.8327454729126764	0.7834573960932958	0.7676751890519246	0.8045381553861221	0.7846793299225422	0.8647328642263461	0.8732676226472316	0.7733981361145261	0.8149863328712139	0.8274901449742214	0.7852391344727154	0.7895266479542331	0.8018029126657809	0.8308525750553902	0.8364698871674914	0.8964848956574436	0.8233475282242418	0.7771556008035897	0.7998468144221825	0.8485604302497084	0.847044182927557	0.7346475240377838	0.7230931337557376	0.8183242219791037	0.7823626907997896	0.7622157587826158	0.7702023285900609	0.7959192664374076	0.8019659413883133	0.6850032652967581	0.691590946187218	0.6649708593760231	0.7404330017101093	0.7111097739192271	0.8244271844384716	0.6342512112080515	0.8371406424293532	0.820751951510965	0.7867470541376017	0.7310668804516504	0.8055409345576192	0.7654789461872499	0.7842413262541118	0.8332253107012804	0.7055826870866855	0.7584009536564965	0.785362075895836	0.8644535934101589	0.7817936620892183	0.7617347260192697	0.7679134284969614	0.9101228002050515	0.7339185656498092	0.7496584547147271	0.8193810182640655	0.7998789649946886	0.7610051867536082	0.7530903445890934	0.7573336696761934	0.8165555183834562	0.8726009215246749	0.8684381064213504	0.8633825527736035	0.857287653898803	0.869838021869171	0.8966860632550477	0.8543882266974798	0.9000996130819817	0.8519376175882307	0.8890766311453729	0.8554118331257947	0.8709584617594075
P19_0009_BTR_01	0.6361478069921813	0.7297242030876878	0.9306697976728706	0.8942809829134841	0.8758128680816147	0.8515382772566779	0.8577854381548832	0.8174742781485919	0.8200293395514602	0.85039156922162	0.7762864379057358	0.7985557881766506	0.9251289467059953	0.9211080942809139	0.9043390508974931	1.0	0.8596248947158784	0.8502392226741342	0.9191082471700739	0.9222878338455593	0.6936024050958489	0.6655045932845123	0.8563420599541098	0.8322182757714998	0.8813583564392264	0.8811410633814709	0.8411094605108154	0.8428135082132768	0.8288992212957151	0.7950469768815749	0.8480908572257679	0.8112561641361108	0.8532703366264504	0.8577200719827968	0.9309484314532465	0.8762505998787441	0.7773048374280356	0.8237546035262217	0.7729102678385674	0.8123163434312686	0.8528447073611262	0.8288432639508723	0.7330888159462928	0.8268659991375885	0.8056590132751431	0.8109479041672734	0.8702327670867015	0.6978453962553475	0.7905490535855715	0.7398750932410731	0.7794965899364602	0.8358166013876183	0.8082193773898013	0.8028321964713457	0.6588051311940742	0.9016505630201078	0.8518053346109372	0.8292510747464148	0.8279182167746324	0.845155168222063	0.8221570482135548	0.8552030882977437	0.8530130629896437	0.8240882913656965	0.7710517249409984	0.8136091287089403	0.8201013019426725	0.8537681618361931	0.8141142713311333	0.7861250597959816	0.8893403830831355	0.8320048554568473	0.8488565501954027	0.8288804901030549	0.8443950046516102	0.7236007483679445	0.7934483845845384	0.8276383359851496	0.846550379131518	0.9088680485792641	0.915885994943548	0.8906165397558871	0.8749460146067318	0.9173559144495781	0.9254242683938333	0.9027100648168135	0.9151440196207848	0.8991135715346784	0.931931119013138	0.9046105774178844	0.9129992135051426
P19_0011_BDO_01	0.7246599832459517	0.83077986797573	0.8958210443365888	0.8830436467251154	0.9522448888945215	0.9037469784050298	0.9206650035135148	0.8900645262197424	0.9040816862747239	0.9183926722879413	0.8378090500003168	0.8862079684205005	0.8469147217328443	0.8558465625292444	0.838527633374069	0.8596248947158784	1.0	0.9578468270876778	0.8915406272091517	0.8808823557120338	0.6893727942314465	0.719946832524891	0.928446228246343	0.9282229551677703	0.9549733641348448	0.9295155030456269	0.9183255315892928	0.9080182171997552	0.9047703657132352	0.8854380161378316	0.9113050678788226	0.937707644722113	0.9227032225554389	0.9070144397669281	0.9159523656916404	0.8641655371887322	0.8215321700571756	0.7864357134285519	0.8926577781267259	0.9053749980989506	0.8870949892993895	0.8948296552561826	0.7134241140118271	0.9237779013282408	0.9136983946077415	0.8816127499297839	0.9330007677087978	0.7526415353176504	0.867458324884643	0.8437368875618992	0.7541312007523379	0.9016510056825124	0.9056501043063128	0.8801158238078693	0.599436690660481	0.8982240678342084	0.9088732516197552	0.811032425736166	0.7958660992401826	0.8953064008550072	0.8920623766612503	0.9383135433888272	0.9306985030617299	0.88192278146489	0.8400944676603068	0.8675839865966561	0.9262748179634961	0.8882367783133158	0.9204365085838584	0.9062526554509506	0.8627085844407549	0.9260615074762624	0.9169414338431351	0.9340881748774346	0.9113899438257949	0.7852758749202745	0.8172227653107788	0.9071416611626035	0.9064247948849138	0.9716472859545301	0.9644265065808502	0.9694629741569991	0.9587604937503598	0.9643662415509221	0.9607727309784236	0.9676270114391462	0.9592346570170497	0.9709872583059324	0.9580790634980729	0.963003254260399	0.9685273544179517
P19_0011_BTR_01	0.7465230793708393	0.8317362449496113	0.8827912275073699	0.8746249791673566	0.9393171293562012	0.8822188839351489	0.9035058189673275	0.894219882179396	0.9185342353205864	0.9093868495650226	0.8432346100522041	0.8886035495470003	0.8249355975121192	0.8387687752604193	0.823439010998924	0.8502392226741342	0.9578468270876778	1.0	0.8678162915267704	0.8528323033921582	0.7369665304291065	0.7309004874240099	0.9147904418617004	0.9133074018753722	0.929805431110769	0.9136388469115319	0.8998197060833197	0.909471968799935	0.8948121610484183	0.8749602282485235	0.8836106859596276	0.9163978123264767	0.908535616644053	0.9237953124551948	0.8885073213656713	0.8345196923608593	0.8291131593301295	0.7878794532753379	0.8818872074075549	0.8958851124382913	0.8698982609460623	0.8835055307359249	0.7368390591272673	0.9144890445434573	0.9150682722386777	0.8568229456684606	0.9103371773093792	0.7491200752418051	0.872354383493626	0.8528223452867787	0.748766635416981	0.8740309338424341	0.9004064653361594	0.8657123290900256	0.6530633420032149	0.8899851297953492	0.8839279803097148	0.8002171286606616	0.8044694940185229	0.8987290932037606	0.8790863843435769	0.9241250344241551	0.9321172855626969	0.868877276627355	0.7994125227454012	0.8221149515660829	0.9430837076127446	0.865222127017643	0.901795980985325	0.8990527299491671	0.8474986400467737	0.9094714003820611	0.9041478336056984	0.9250847037204853	0.9067537691690826	0.7742339736079417	0.8036218710072601	0.8889412115150179	0.9267170732266826	0.9565131627594115	0.9551118039585067	0.9634499384250359	0.9631197200233506	0.9496152293805127	0.9496024692003532	0.955118880832975	0.9477006370152706	0.9542397539429195	0.9472898859826573	0.9544658263250576	0.9563441877704343
P19_0012_BDO_01	0.6482971835361203	0.7976420965989268	0.9189223142937231	0.9343959412629214	0.9065432129735702	0.864088689561566	0.8944711470790014	0.8744593371983133	0.8770778346352305	0.8298950658242376	0.8200753923592577	0.81656119732169	0.8797374965863417	0.9074422448488477	0.8571968690471368	0.9191082471700739	0.8915406272091517	0.8678162915267704	1.0	0.9343360852115744	0.6852637758513486	0.7615114964225402	0.8727943536065607	0.867401818057538	0.9149282113650034	0.9024904855209142	0.8546391814737879	0.8626539532482421	0.8357071411361522	0.7884759094210315	0.8941234793069859	0.8788289599824075	0.9176089570998088	0.8876040046597574	0.9196236354256939	0.8623060631998234	0.7822404533226591	0.8100687519484203	0.8189306698367507	0.8246643431868843	0.8863235207392403	0.8663417365076905	0.6871969964875204	0.8432067842837201	0.8439926393447145	0.8399826454512429	0.8742936454198307	0.724742903289649	0.8205947538707833	0.8178294886413452	0.7732952031675784	0.8778501865521394	0.8705414606918024	0.8246274494776323	0.6040751296345892	0.9084735951955996	0.8552956317539903	0.8404206214691271	0.8619949966524789	0.8986617077162512	0.8488904416546574	0.880973588020025	0.8565000567261859	0.8699112226402566	0.7694481376702738	0.8301659953429325	0.8420869053814412	0.8297200904198603	0.8571309929259221	0.8761576194587914	0.9002103555681904	0.8924405273933796	0.8898568421350632	0.8702006182476768	0.8509221841675919	0.7290730383759736	0.8678948166740403	0.8186422935586659	0.854298009756287	0.9361367096479609	0.937484365786802	0.9318034615227925	0.9062779465802357	0.9364534868227042	0.9537485731561853	0.9250135576230858	0.9498035271787694	0.9225312619651955	0.954163268064497	0.9258383069434473	0.9373488307488336
P19_0012_BTR_01	0.6537818741437733	0.8294605973961435	0.8898341457600367	0.8854302671985632	0.8967468373672406	0.8978958782531886	0.8953313794653237	0.7929730718433836	0.8103463126530566	0.8577322770171497	0.726352777440218	0.8039291292575673	0.9010048077772319	0.8912863237589873	0.8327454729126764	0.9222878338455593	0.8808823557120338	0.8528323033921582	0.9343360852115744	1.0	0.6467647858431673	0.645904097922337	0.8803966939456931	0.8756814573632369	0.8764665751959796	0.8826206687741366	0.8692968077272983	0.8406498872735901	0.7997233871498678	0.7784529998925467	0.8946537378021154	0.8856586166291438	0.8858682591195395	0.8400387113039094	0.917053092805993	0.8791026908416159	0.8072304380068047	0.805976845392858	0.7702001057936569	0.7845457899642124	0.915076503455705	0.8968979978504067	0.623152375712612	0.8287180208224236	0.8087194995918396	0.8270643802069598	0.892859968614586	0.6638560644545274	0.8500657541237728	0.7933450405400635	0.7956440793855831	0.8882285656030672	0.8844655425025104	0.8000601715975264	0.5738693505639513	0.9060058368059657	0.8513858133167148	0.7964594408605149	0.841576613800135	0.8691498938181559	0.8486714620150615	0.8695366068577814	0.8539542272718353	0.9004065736832634	0.7503896537677547	0.7723528008775058	0.8089747311050915	0.8383921604636112	0.878226972772323	0.8286408749316554	0.889286061801253	0.8897928146339014	0.8814560411588944	0.8392602505106483	0.8250542360810136	0.7461933568865934	0.7713019456445256	0.814154388878288	0.8465931073121684	0.9195946850358978	0.9278848645040151	0.9133837574608856	0.8825221404342403	0.9255321693731677	0.9323222961438274	0.9159784299805054	0.91962951945983	0.9131163364807824	0.9421592307447454	0.9171823470399767	0.9242998191254788
P19_0013_BDO_01	0.726272295464987	0.577301037725211	0.7311273155140554	0.7306101556350676	0.7137051728156685	0.516545949348526	0.5692864323642323	0.7671709539235242	0.7992986420886797	0.6983680971685579	0.7367357404144464	0.757578031099944	0.7367898559320808	0.7375566169706252	0.7834573960932958	0.6936024050958489	0.6893727942314465	0.7369665304291065	0.6852637758513486	0.6467647858431673	1.0	0.7734186013483322	0.6050833674589748	0.646319921473778	0.703131335367149	0.6637676106974596	0.6343712738352522	0.6812540429307357	0.702114411667358	0.6196752765852251	0.5750297728010623	0.6577698866833623	0.6743764007411531	0.8065720395022246	0.6633730389672148	0.6072719343610238	0.7845637402496448	0.7467481664598457	0.7037953908030711	0.7088134413356405	0.5747976942610532	0.5553979803866317	0.7515867015810935	0.6541439072220181	0.6868227865215837	0.5468742368878684	0.6082700009746239	0.7490578547481818	0.5519299462757178	0.6925037810370515	0.47878719114791046	0.5522315169753015	0.5921678085445299	0.6175490221038124	0.6564373021047804	0.7006785270308127	0.5966840669301143	0.6423319040274394	0.5309299809365082	0.6799899473968943	0.5854100928001891	0.6426299470926282	0.709145828477388	0.6197097131365629	0.5221457603077648	0.5346284704866096	0.8062846324041512	0.5972808185465756	0.6761289045639527	0.6647857819649396	0.7552395120371023	0.5571712975217304	0.5717411329461315	0.6712765828746148	0.6325253678949776	0.6259914167552435	0.6225243404813153	0.5964307761468974	0.7055536386362821	0.7099520100316258	0.7075575688279273	0.7388656622329308	0.7549308551745803	0.6947066386823857	0.7445117959445636	0.6887374470736369	0.746815655479835	0.6856744153181936	0.7383390624981255	0.6905671717661483	0.7091483516412795
P19_0013_BTR_01	0.6624471089527204	0.5605067099007386	0.741220439608657	0.809407656360414	0.7338500472611434	0.5249716560709828	0.5783916687652354	0.8308180680244353	0.8290604416360073	0.6151496206496667	0.7625719156511409	0.7083153192288145	0.6908147251527231	0.7867817992094402	0.7676751890519246	0.6655045932845123	0.719946832524891	0.7309004874240099	0.7615114964225402	0.645904097922337	0.7734186013483322	1.0	0.6247526114239738	0.6231608321058798	0.7628631324878499	0.7338380240122153	0.5956495772507683	0.6812545824125467	0.7288674172163598	0.6105993316278748	0.6689776001640539	0.7178384268420854	0.7635554106389315	0.7766882930861154	0.6883720917368341	0.6018216693604082	0.6912800110280056	0.6152725320815624	0.807757494195033	0.7347442852277242	0.5782970552931833	0.5533393529019108	0.6995128433949597	0.6222300561499889	0.66125438057744	0.6099507749649131	0.6325190306630429	0.8182032456430326	0.5614341271602106	0.6734308014642926	0.4962703646674117	0.5521307562357657	0.5839281869403989	0.6958129741916665	0.5537555173887369	0.7254222250860607	0.6274434194395038	0.6575126848894817	0.6412431035191096	0.7573373850920432	0.6222988597358778	0.640291294893858	0.6936069633584504	0.5772848231683146	0.6057753557940299	0.5890842663546619	0.803673340225003	0.5773829483632025	0.645197283344547	0.7204369664104006	0.8009995505336954	0.6097805529262513	0.6060124705650967	0.7030496087763785	0.6382921861817712	0.6918140856554167	0.7383743510374573	0.600529100325888	0.6967713966326606	0.7345778991959141	0.7212957836571398	0.7581282391843537	0.7656382050671074	0.7140882195922668	0.7781228491025342	0.700461424412066	0.7897054788689593	0.7007942482904399	0.7634592614252704	0.6991474598735994	0.7281128382164567
P19_0014_BDO_01	0.627654687440159	0.8091222605018237	0.8772358391475322	0.8462494179659593	0.9122685333745792	0.9382852211935826	0.9409300168740199	0.8269175464356451	0.8345284058993775	0.8983089167925921	0.7662922006844314	0.864434028304326	0.8335972926887893	0.8092668000832848	0.8045381553861221	0.8563420599541098	0.928446228246343	0.9147904418617004	0.8727943536065607	0.8803966939456931	0.6050833674589748	0.6247526114239738	1.0	0.948640161382445	0.9053089525524254	0.9152233531176505	0.9241517795105894	0.916669740716414	0.8734398005966592	0.8911115396717599	0.9144515510270604	0.9100149449632555	0.9170031403229	0.869006362608886	0.9042150857234929	0.8589352181468892	0.7886419035746708	0.7493613772640393	0.8207503421858153	0.876497650276723	0.901863959261618	0.9201500734987499	0.6697936967759964	0.9299056062312108	0.8926987109838354	0.8977622950024805	0.9241331623856582	0.6787734997006585	0.928922109126455	0.8140204611351665	0.8092829082260508	0.9308366450097505	0.9110730346944677	0.890963536459289	0.6007062702267169	0.8834293520681085	0.9230383493425482	0.8132036698255503	0.856599083692007	0.862710152839015	0.9046659645667582	0.941167794355673	0.9235234332407726	0.8866987108097163	0.8108554637466352	0.8441336404610701	0.8759232415734959	0.9043175727415844	0.9157262346067592	0.8748723337546852	0.8119853591060316	0.9437251781663102	0.9414850851240743	0.9070753867384571	0.9004369589018333	0.762812113750248	0.7823309273705256	0.9239240521272081	0.914914059612166	0.9580540182729052	0.9533752586463269	0.9492482915190437	0.9413561010009793	0.9548418983656691	0.9343115380436988	0.962497059706062	0.9295800704218613	0.9660243832303511	0.9348952775983929	0.9576798049554025	0.9562559929473765
P19_0014_BTR_01	0.6612298165434705	0.848274200337311	0.8600679687245255	0.8403150099080874	0.9182709819166279	0.9075519980105327	0.9214349799012443	0.8274398671733395	0.8585452588690242	0.8898757373680014	0.7538001693432215	0.8652774623302423	0.8061408075333291	0.8002572238338211	0.7846793299225422	0.8322182757714998	0.9282229551677703	0.9133074018753722	0.867401818057538	0.8756814573632369	0.646319921473778	0.6231608321058798	0.948640161382445	1.0	0.8968553698092653	0.8914829680652357	0.9085572766203793	0.8979502125019456	0.8635512416527347	0.8693200957784648	0.8799809485391804	0.9088109955779929	0.9170131854826951	0.8774099451569756	0.8793436793997014	0.8446130781663891	0.8027253340762611	0.7608644048895268	0.8375763463798893	0.843066987707787	0.8863987295024801	0.9108485832545417	0.6523724422490926	0.9136162112084051	0.8875641438800207	0.8508055937392709	0.8961616292435421	0.6753181214217981	0.9173918583466637	0.8497985831818272	0.7745937181941122	0.9101492333841084	0.9144256305814636	0.8539205207767431	0.5947536726552494	0.889391489303195	0.872548257414026	0.7654986748985418	0.8297790623625799	0.8543885706355079	0.866185830359888	0.943754782578106	0.9300443639438887	0.9008091249925921	0.7793594244624124	0.8339160134592812	0.8900705195064325	0.907553038740052	0.9338302644892141	0.9062744574874041	0.8183562618771423	0.9302672039728309	0.9093014717946751	0.9024314096671805	0.8699190868524189	0.7768135067894986	0.7819113627686973	0.8964001549526783	0.9145431152448237	0.9436502343173716	0.9419843814106432	0.9451028438254556	0.9461536650522685	0.9385211476396341	0.9253840492902643	0.9477963675662978	0.9227852817150194	0.9479623790401024	0.9238289496131095	0.9460642591095338	0.9434127643412006
P19_0015_BDO_01	0.6774334299911892	0.7880776710315975	0.9163416279445973	0.9139304340261863	0.9475529869557178	0.8792467195325758	0.9067715565390428	0.9276049115355183	0.9222690256197003	0.894033002469225	0.865344582179125	0.8672948616815502	0.8584291429731185	0.8958428788356442	0.8647328642263461	0.8813583564392264	0.9549733641348448	0.929805431110769	0.9149282113650034	0.8764665751959796	0.703131335367149	0.7628631324878499	0.9053089525524254	0.8968553698092653	1.0	0.9545247246780174	0.9073830855777281	0.9243249634543903	0.9110968163954013	0.8728764942067165	0.9200077931808003	0.914534738037102	0.9357617964406623	0.9283096450020262	0.9150527593143455	0.845563952031058	0.7686443925442756	0.7605416593434764	0.9062031299993697	0.9153461878695999	0.8941895428170797	0.8774650465498757	0.7210701376376975	0.8958513936208038	0.8765052220270543	0.8721929885629227	0.9099305270941854	0.7765181914684046	0.8478112072034724	0.7939019130337244	0.7605974539749804	0.8816571393912566	0.8716658935504465	0.8821888541427497	0.6541731664657118	0.916964086762479	0.9186707317270225	0.8575812834717174	0.8410923270311895	0.9316925573788793	0.8973593988004295	0.9152011161970988	0.926549250040009	0.8522115737668838	0.8524205820963886	0.890158845857526	0.9162090420740345	0.8588541797034664	0.878754662703713	0.9039886826950814	0.8636247808238805	0.8975632178483407	0.9055958975711579	0.9327356174029242	0.909850933427675	0.8093066433497802	0.880306625534476	0.8888294812422671	0.8790750004054676	0.9697438119529113	0.9611649982891961	0.9650121551006535	0.9545473629912639	0.962496361171918	0.9710634801068223	0.9588579200482223	0.9724196494911613	0.9613345154019185	0.9652931365407007	0.9550846603548111	0.9659260697069406
P19_0015_BTR_01	0.618775714822194	0.7322261450713904	0.9230854949872825	0.915751750194787	0.9274494930441551	0.8945422519761539	0.9050980870191647	0.8884942705507524	0.8660907189199091	0.9106358803651751	0.7986638357209539	0.8571690750697059	0.8605219405537019	0.9051710852465995	0.8732676226472316	0.8811410633814709	0.9295155030456269	0.9136388469115319	0.9024904855209142	0.8826206687741366	0.6637676106974596	0.7338380240122153	0.9152233531176505	0.8914829680652357	0.9545247246780174	1.0	0.8744061424554048	0.903058998124638	0.924769541695179	0.8910616775707362	0.9334421889713941	0.926401703611718	0.9388446310250104	0.8840667433651176	0.9271580585156797	0.8820724407137777	0.7363607266775002	0.7519776425264716	0.9110154618702431	0.9254943779378169	0.8671461301969663	0.8684003483383045	0.7381516753359096	0.9067227174801347	0.868094468507355	0.9257641752855837	0.935319756819696	0.7747204890153738	0.8721423539069119	0.7532865957337229	0.7367749583468385	0.8916940519352858	0.8483082277674785	0.9342048951282637	0.6133898633778821	0.9165903109990612	0.9360427768370935	0.8060582578096752	0.8223309404645847	0.8952835974902599	0.8970824522685856	0.8944169479799292	0.9169203111416754	0.8273199721645208	0.8457101835385767	0.88284974838674	0.903847322878666	0.8546514888193961	0.849059906618385	0.8563798816151756	0.8856510839422603	0.9057829214349872	0.8964921647381288	0.9303965635679078	0.9169427479928169	0.8511675822342465	0.8320688550416832	0.8721803404506117	0.8897058725879664	0.9645817713342499	0.9594059193752305	0.9517753462043101	0.9434332580947652	0.9623821894178477	0.9654152625482522	0.9566184844837544	0.9699140443184135	0.9550698455689723	0.9567702024137851	0.9565445655659757	0.962488753941086
P19_0016_BDO_01	0.6482548073701534	0.8270214459554832	0.8466883680129079	0.8244882260977778	0.902886290632278	0.9047433664925231	0.9120434072306849	0.8389019145263827	0.8394656249758283	0.8518477636190646	0.7969441801674629	0.8333710156093966	0.8006588843657321	0.7988194613606149	0.7733981361145261	0.8411094605108154	0.9183255315892928	0.8998197060833197	0.8546391814737879	0.8692968077272983	0.6343712738352522	0.5956495772507683	0.9241517795105894	0.9085572766203793	0.9073830855777281	0.8744061424554048	1.0	0.9202694173404409	0.8400884896546048	0.8404867334476493	0.874460485458188	0.8719629828498365	0.8908600746352388	0.8850160073446366	0.8711879988129336	0.8164234583038772	0.7306366469273144	0.726315469625715	0.7960892408704099	0.829334793608469	0.9297997040532057	0.9130613821292863	0.5905082210790586	0.8908570030147774	0.8391015998421401	0.821727485474514	0.8928268724415591	0.6067773701116853	0.8640510015573739	0.8039657257647195	0.8032372348551484	0.8921233252042853	0.8997721710163773	0.8074449282557304	0.6093496549473743	0.8637627755103394	0.8803042200866968	0.8650964717128924	0.8357415720170649	0.881624400039375	0.8992376533213767	0.9260269017676359	0.9170605416461525	0.8841211729796506	0.7900450075581252	0.8165298523603888	0.834758249877637	0.8696564611327304	0.8989991055192901	0.8869835516469964	0.7724808076396165	0.8977024502328607	0.9155861394954561	0.8780819623634231	0.8585024363050633	0.7032176946822254	0.8444597873359708	0.8853512041602322	0.8528572811800225	0.9317061939770466	0.927927614329009	0.9240139639802007	0.9102408505657364	0.9292323609266222	0.9149882134738618	0.9336084813705526	0.9049952433962632	0.9389366804177379	0.9208253295455404	0.9271052313427096	0.9304156596002837
P19_0016_BTR_01	0.5858628903093778	0.7758817709102708	0.8719273661635513	0.8443259136929755	0.9076690969577728	0.9014195984723822	0.9149424057942263	0.8788474198530324	0.8849430324368707	0.8761164585669755	0.839607638794996	0.8732369149902822	0.818976558021734	0.816337664771911	0.8149863328712139	0.8428135082132768	0.9080182171997552	0.909471968799935	0.8626539532482421	0.8406498872735901	0.6812540429307357	0.6812545824125467	0.916669740716414	0.8979502125019456	0.9243249634543903	0.903058998124638	0.9202694173404409	1.0	0.8823091062373718	0.9144119528883888	0.9080769669418095	0.8848915972804713	0.9263815653998736	0.9299913015779314	0.8591150632744889	0.7957769855209906	0.7231614637434344	0.7171623747186874	0.8352480859824531	0.9050808908821277	0.9096349313138433	0.9067790521800002	0.6478767778744149	0.9232447794377647	0.897731620010446	0.8592795503015209	0.88720669393305	0.6747375190747207	0.8751493168823252	0.7723766844980127	0.7854573861876908	0.9209463528996277	0.904261211899359	0.8413612745590913	0.6187523543410028	0.8516388777580237	0.9219886421414722	0.8577554678181404	0.8649439326649759	0.8996434971962637	0.9433232923337475	0.9285185953758881	0.9238337911532601	0.8612234096148431	0.8190209807900846	0.8329583530680759	0.866707564316193	0.8559571590281176	0.8850800131717204	0.9178768778744899	0.7684232054635363	0.9006449840019305	0.9216616348315445	0.9270996388162017	0.8957274679628338	0.7668428278397906	0.8489754891166255	0.8901462436455813	0.8755648095204788	0.9484708571044734	0.9475979299270445	0.9479095082121644	0.9402306510167019	0.9450140936992176	0.9372502602725112	0.9497151366576234	0.931438437719358	0.9502922652676984	0.9386459718248227	0.9476956117577776	0.9486321193212862
P19_0018_BDO_01	0.6431248509143208	0.6780419063701382	0.9215483651780144	0.8868546955717775	0.8927583296150692	0.8438964210921088	0.8611826603553835	0.8879814405467509	0.8568145738534644	0.8790138734672753	0.84335583482284	0.8830211494009967	0.8182496008285398	0.8402379419258497	0.8274901449742214	0.8288992212957151	0.9047703657132352	0.8948121610484183	0.8357071411361522	0.7997233871498678	0.702114411667358	0.7288674172163598	0.8734398005966592	0.8635512416527347	0.9110968163954013	0.924769541695179	0.8400884896546048	0.8823091062373718	1.0	0.9360708270666549	0.8342149713551237	0.8508601260485475	0.898574518420537	0.8854039969979004	0.9005986566970936	0.8789965246996994	0.7067697745698255	0.7225762849843833	0.8935454649858229	0.9341481279887247	0.7984311294102274	0.7990979588104479	0.758605843662344	0.9183128087413357	0.9099321476193977	0.8857585809798204	0.897132640751625	0.7695008361895046	0.8311454251705462	0.7346209074624708	0.6665674586993275	0.841807015515678	0.8193228185536487	0.9036317212507486	0.6334517548100312	0.8465555708592756	0.9053380572852346	0.7690455491997271	0.7673303993233145	0.8433252109666215	0.8579042136194085	0.8993052551662523	0.9268736363871969	0.7799507550574465	0.8508270737377229	0.8865490600071708	0.9006064369684741	0.8423350676412098	0.8189605963761314	0.8393266505261417	0.8346850155460366	0.8658369025721266	0.870655883396034	0.9145140385114564	0.917500710229005	0.8086424523537338	0.8238226908230982	0.8603708571783162	0.9039664578054218	0.9361463982641249	0.9324922238832115	0.916031551543167	0.9274943954104925	0.9364970239097269	0.9266117419063579	0.934671681824537	0.9298118340442143	0.9327973636284225	0.9189339447278277	0.9348335032226095	0.934918323834269
P19_0018_BTR_01	0.5600225511009681	0.6477419197384194	0.8874305302206138	0.837312252645711	0.8591370405010553	0.888691452663301	0.8768362864969169	0.8061984984543018	0.7869262893704883	0.878235204765723	0.7788863409870312	0.8415515060311988	0.8009574516212609	0.7955404908965684	0.7852391344727154	0.7950469768815749	0.8854380161378316	0.8749602282485235	0.7884759094210315	0.7784529998925467	0.6196752765852251	0.6105993316278748	0.8911115396717599	0.8693200957784648	0.8728764942067165	0.8910616775707362	0.8404867334476493	0.9144119528883888	0.9360708270666549	1.0	0.8351188029033902	0.829480023498126	0.8645019469269838	0.8564404047301842	0.8805994237769251	0.8804726346908985	0.6826428677518138	0.7243977412480043	0.8544576154267889	0.9469353601263492	0.7979592649384031	0.81828956541535	0.6446346715994474	0.953797171707066	0.9262437306813449	0.9148577790785117	0.895612088561537	0.6951438887044922	0.8390874907064443	0.6990311795750687	0.6390195692392842	0.8870236042891948	0.8344459783789014	0.8924034769349001	0.5388716450220387	0.8032830017389596	0.9318997456429067	0.741683836775371	0.7796012604976432	0.778924101782024	0.8812641519538864	0.9184805396416357	0.9196507655748001	0.7908446152313845	0.8703274935984302	0.895880329801422	0.8485212249151155	0.8408194329037222	0.8301403874035251	0.835245808903326	0.7727139169360425	0.8760274600451174	0.8893518328509206	0.9298754715224863	0.936016932663826	0.7742312467941256	0.7720913514287022	0.9050003651383813	0.895620890145547	0.92412121255895	0.9254930496858681	0.8948464910779151	0.8990945532429541	0.9314080217940606	0.8951910119215445	0.9358198034806755	0.8927766490551365	0.9334750669550492	0.8931328964071948	0.9365466630292687	0.9254208031425365
P19_0019_BDO_01	0.5510835358673863	0.7854336000842602	0.8414635429744534	0.8416032724023315	0.9019874491350824	0.918056725058664	0.9301671404750202	0.8354914527431685	0.8415148821299103	0.8781695663221701	0.7418325000347173	0.8135188141458087	0.7964480443530235	0.8180405821157193	0.7895266479542331	0.8480908572257679	0.9113050678788226	0.8836106859596276	0.8941234793069859	0.8946537378021154	0.5750297728010623	0.6689776001640539	0.9144515510270604	0.8799809485391804	0.9200077931808003	0.9334421889713941	0.874460485458188	0.9080769669418095	0.8342149713551237	0.8351188029033902	1.0	0.9459051356045962	0.9232098115923772	0.8548188460735668	0.8801765407496296	0.8134726015082601	0.7153323394425856	0.6843046433246602	0.822714069883003	0.8611854490150143	0.9211603594099899	0.9389685745507835	0.6380878495954282	0.8672809676088558	0.8414167689087154	0.8951842092956067	0.9210550576601989	0.6607681046179095	0.8796234292380717	0.7603413955389791	0.7771956630703797	0.9285796719440284	0.9138937894430292	0.8679460351107486	0.5386471735152586	0.874651249389573	0.9100332571954933	0.8035390695601698	0.8688109997552723	0.9076244377477329	0.9148113127603891	0.8820396499902313	0.8676069948181834	0.8667455377651914	0.8040521806283386	0.8102119802165358	0.8370096228920387	0.8248295457321287	0.8656131527702778	0.8619864639059354	0.8105905748402882	0.9284217304486068	0.9209669337531267	0.8982025019288284	0.8841401572975487	0.7796060227372383	0.8060759666949794	0.8474836256485935	0.8463054723892156	0.9394744206045711	0.93746536939132	0.9426000100282479	0.9098186673575377	0.9353223674731456	0.9370289669091827	0.9353324105659007	0.934606241395205	0.9352689592456603	0.9359710650943666	0.9339581261510477	0.9389335046480638
P19_0019_BTR_01	0.6709311641922283	0.8133106834784471	0.8332659501671983	0.8580242546157131	0.9234672092872708	0.885252241913786	0.8984362768749574	0.8548793206120501	0.8681383806788687	0.8989418622321695	0.746526218086622	0.8553252755756422	0.7984715411694676	0.8263208097576309	0.8018029126657809	0.8112561641361108	0.937707644722113	0.9163978123264767	0.8788289599824075	0.8856586166291438	0.6577698866833623	0.7178384268420854	0.9100149449632555	0.9088109955779929	0.914534738037102	0.926401703611718	0.8719629828498365	0.8848915972804713	0.8508601260485475	0.829480023498126	0.9459051356045962	1.0	0.9207185897699699	0.8778213624183998	0.8769357304762581	0.8221853874134197	0.7892189731383324	0.724035456662959	0.88359200416856	0.8796880569682956	0.8851641122649414	0.9053874426298651	0.670971062443314	0.8817081465351643	0.8663126141558222	0.8972352274087037	0.921741049510469	0.7343840063364655	0.8913400825355996	0.8446764266716124	0.7195315970669768	0.8960517360874646	0.9067781155019197	0.8909111017747652	0.512903345349609	0.8822514017140187	0.8776725150401865	0.7424556579227646	0.7840035702612216	0.9027846168177394	0.88962346067743	0.878203317906352	0.8908147477794759	0.8704090105728729	0.7602383177069232	0.7846039900369723	0.9051332337892853	0.8205293856417528	0.8990398806671585	0.8714652158202998	0.8539867344310466	0.9240892732076359	0.8845629847686262	0.9242324386689973	0.8769767099909368	0.8251670113195287	0.7575074392445766	0.8406617423268814	0.8870081909324424	0.9446044941799016	0.9385379996623802	0.9587177813386609	0.9399052831059782	0.932958378406231	0.944802796419483	0.9359966025165551	0.945826156416927	0.9372595476896035	0.9404722790568001	0.9333808515717416	0.9419678480908956
P19_0020_BDO_01	0.6416743243910873	0.8146388924855883	0.893087346576817	0.8971113241180272	0.9363100682194642	0.8856226748166145	0.9234672212911061	0.9166064465801186	0.9061812380079304	0.8503568067183279	0.8498353644771051	0.88526949911724	0.8334530601971553	0.8526760860555079	0.8308525750553902	0.8532703366264504	0.9227032225554389	0.908535616644053	0.9176089570998088	0.8858682591195395	0.6743764007411531	0.7635554106389315	0.9170031403229	0.9170131854826951	0.9357617964406623	0.9388446310250104	0.8908600746352388	0.9263815653998736	0.898574518420537	0.8645019469269838	0.9232098115923772	0.9207185897699699	1.0	0.9162859363301503	0.8854861810886417	0.8289714949237463	0.7421210331252903	0.749418375319712	0.8742496427404557	0.8819558842831553	0.8976187851036229	0.895739910154224	0.7087597243068147	0.8861806109170555	0.8828779727747774	0.8718372423610495	0.9002902252928765	0.7168868886777896	0.8809648741145066	0.8257573768244585	0.8168238366203544	0.9083489638225771	0.9018982446629458	0.865075772022054	0.6403410333209951	0.88978189310069	0.9059568585064592	0.8572342556403678	0.8734743227690138	0.9226303154229102	0.9220977361401722	0.9215885854062424	0.9163734837990075	0.8760767104777916	0.8276221757817963	0.8378378855043346	0.8783043365233967	0.8680082837861797	0.8866636113063439	0.923813002047976	0.8509651592599755	0.92812775070371	0.9242029172745249	0.9019378495351505	0.8776615742564754	0.7860262674247053	0.8635106246895381	0.8593642418740047	0.8831849514881563	0.9583307346948482	0.9570410498454381	0.9637274254598639	0.9582545948464064	0.9523051831367992	0.9619090756573231	0.9519279936767199	0.9620093424155737	0.9497031302080021	0.9578853809473945	0.9524611014829926	0.958231259083705
P19_0020_BTR_01	0.7299387810287541	0.8129563402508398	0.8805398675182562	0.8738759203812937	0.9351430861729897	0.8403550666813138	0.8822421619482332	0.9229904130603448	0.9434319677166867	0.8731731288616494	0.9096381340426185	0.9139573733279731	0.8407432566001909	0.8533680673146516	0.8364698871674914	0.8577200719827968	0.9070144397669281	0.9237953124551948	0.8876040046597574	0.8400387113039094	0.8065720395022246	0.7766882930861154	0.869006362608886	0.8774099451569756	0.9283096450020262	0.8840667433651176	0.8850160073446366	0.9299913015779314	0.8854039969979004	0.8564404047301842	0.8548188460735668	0.8778213624183998	0.9162859363301503	1.0	0.8618487694417036	0.8027984742721503	0.775273723334576	0.7572027911179174	0.8635655296090522	0.879854429826797	0.8592622224231826	0.8538819703302231	0.6991511265175869	0.8996746946901835	0.9161018342287359	0.8262819000385332	0.8766792244105303	0.7292163730178163	0.8339592419143187	0.8727462353401946	0.7565314445363756	0.8650785694749136	0.8828698084042326	0.7925801993580213	0.6785483453229716	0.8860459144107439	0.8584570015249865	0.8487101939143245	0.8061973921241562	0.919082553192827	0.8764740218577757	0.9080445175128766	0.9192137943213945	0.8641032118940938	0.7815481721146559	0.8108614535159921	0.919999756921688	0.834398436425468	0.8921908579190075	0.9114073243115316	0.8356798786917541	0.8679844522481054	0.8854813385077723	0.9165547240316879	0.8764908058989769	0.7202767507129246	0.8673609227465243	0.8534471334050278	0.8853078338543943	0.9418852142516513	0.9421168134947413	0.9530985596152478	0.9629156122038249	0.9340256800085374	0.9504943872825974	0.9343019544951089	0.9470508386991618	0.9323705740111949	0.9494575227035247	0.9346418879901549	0.942588917552451
P19_0023_BDO_01	0.6534295045927045	0.7104152019458531	0.952279721925714	0.9380109344689948	0.9061515749451134	0.9032569675815147	0.8862405672919578	0.8397259749090026	0.8248378494699036	0.879805929254212	0.7800281382653989	0.8279938333205835	0.9092027452693544	0.9214437654913988	0.8964848956574436	0.9309484314532465	0.9159523656916404	0.8885073213656713	0.9196236354256939	0.917053092805993	0.6633730389672148	0.6883720917368341	0.9042150857234929	0.8793436793997014	0.9150527593143455	0.9271580585156797	0.8711879988129336	0.8591150632744889	0.9005986566970936	0.8805994237769251	0.8801765407496296	0.8769357304762581	0.8854861810886417	0.8618487694417036	1.0	0.9574906902297244	0.7797648651435725	0.7992918356707679	0.8663821702584029	0.887700788216615	0.8397449858908034	0.8350676769652969	0.7166013378899297	0.8963275347744687	0.873190328177121	0.8959139904643387	0.9211077251206494	0.7131627332170101	0.8318905343128904	0.7575366885566157	0.7213822781058246	0.8800732843052599	0.8435402524545285	0.8806305363188162	0.5928341518588583	0.8994633360318363	0.902505356799322	0.7845500143638278	0.8194260782856865	0.8581316201114543	0.8513912280553477	0.8922318706047324	0.9083065854769682	0.8305178862132293	0.8631792251220822	0.8863851900260502	0.8694568473518886	0.8726172038305686	0.8598188820432929	0.8207330614906143	0.9227978313207938	0.8876702228483665	0.8887144004173774	0.9075612636042677	0.9237151578246189	0.7617022019156964	0.8145882709004457	0.8740852186046643	0.9078247985430177	0.9519962537182857	0.9529439627431912	0.9240595449528873	0.9108083117161674	0.9592952169048966	0.9509573283510702	0.9495790874907456	0.9466120370586388	0.947938232037022	0.9512899459730451	0.9495776919556812	0.9530598811675728
P19_0023_BTR_01	0.600226822444608	0.6744060927616764	0.9273583047051649	0.9102356349190651	0.8509500914912506	0.8926832813985828	0.8553938476112735	0.7420409201045415	0.7315952480182969	0.8672627820585825	0.7064747171625588	0.7914243805809252	0.8806004672427226	0.8735403606951281	0.8233475282242418	0.8762505998787441	0.8641655371887322	0.8345196923608593	0.8623060631998234	0.8791026908416159	0.6072719343610238	0.6018216693604082	0.8589352181468892	0.8446130781663891	0.845563952031058	0.8820724407137777	0.8164234583038772	0.7957769855209906	0.8789965246996994	0.8804726346908985	0.8134726015082601	0.8221853874134197	0.8289714949237463	0.8027984742721503	0.9574906902297244	1.0	0.7250979246915267	0.7857103456757525	0.8202211790758962	0.8513492633429578	0.7859857046642469	0.7866580521046301	0.632040406533186	0.8922202476361036	0.8623377635147366	0.902056154658485	0.9191857176735876	0.6786825099595807	0.8078855340822848	0.7101597307509365	0.6366345748103437	0.8603094416693041	0.8056625265607951	0.8575807327346616	0.5017110776377415	0.8591067644899909	0.8770718411640065	0.7179192905559656	0.7591323211518938	0.758071285922778	0.7983088557983031	0.8779575514718416	0.8800103306980659	0.8055827850955313	0.8494947435834149	0.8854530948992643	0.8093045723225523	0.8466759667739167	0.813064600759741	0.7521917664011992	0.8843700813091963	0.8640054841458106	0.8564702461011968	0.8736127956376857	0.9108898672538426	0.7068336845054504	0.7471004186817795	0.8655459177856751	0.8860224120376476	0.9082352435171617	0.9166823629645624	0.8647672068055915	0.858504805945916	0.9255960962878015	0.8988607955063589	0.915709863245313	0.8905477481662515	0.9108686927385529	0.9036402649193052	0.9187578836793029	0.9130829081219323
P19_0024_BDO_01	0.7767598629785076	0.7540418063886467	0.7774595391686341	0.7680106321787457	0.8111581590658027	0.7117295165670942	0.7292551487144532	0.7209672308036944	0.7920474764966836	0.7987126793920001	0.6742504900451556	0.7996281288426189	0.8155635542148828	0.7673568966338745	0.7771556008035897	0.7773048374280356	0.8215321700571756	0.8291131593301295	0.7822404533226591	0.8072304380068047	0.7845637402496448	0.6912800110280056	0.7886419035746708	0.8027253340762611	0.7686443925442756	0.7363607266775002	0.7306366469273144	0.7231614637434344	0.7067697745698255	0.6826428677518138	0.7153323394425856	0.7892189731383324	0.7421210331252903	0.775273723334576	0.7797648651435725	0.7250979246915267	1.0	0.8799762475175205	0.7174000177443114	0.7496765858462521	0.7314217231837615	0.7326842291802824	0.706489120623698	0.7518908228510964	0.7577444659661201	0.6729121810615328	0.740943031534252	0.7515165611887198	0.7150648885700015	0.7965958717858878	0.6262274986910458	0.7088470182460983	0.7543186461205922	0.7297750644603349	0.62206450401141	0.7839882159514988	0.7112291867280188	0.666453138796702	0.656658464007011	0.7156240812060953	0.6922088629822559	0.7717237570928447	0.7752686718693995	0.8132439491481915	0.5905059057761369	0.606103916744246	0.8317241584434204	0.7334702081029894	0.827207722460935	0.7414678075618341	0.8294760987655398	0.7486772823630735	0.7110091533312246	0.7406575150286984	0.7226029212520121	0.7057007905847033	0.5936659880455295	0.7514250142612128	0.8302789707505178	0.8116842266485526	0.8101546894392168	0.8327872293386928	0.8147325965462181	0.8012662989794829	0.8181272571202752	0.804099157506988	0.8098347306491364	0.806684482526929	0.8233265427942263	0.8005559123716979	0.8112775675022443
P19_0024_BTR_01	0.685672811109954	0.676915823558157	0.8182479681809051	0.7924433669778556	0.7905286629409182	0.7197277021679115	0.7434955231867658	0.7081850907637716	0.7356242793749604	0.7628150424753434	0.6824773332483496	0.7593416733850268	0.8355934064658077	0.7972595960037091	0.7998468144221825	0.8237546035262217	0.7864357134285519	0.7878794532753379	0.8100687519484203	0.805976845392858	0.7467481664598457	0.6152725320815624	0.7493613772640393	0.7608644048895268	0.7605416593434764	0.7519776425264716	0.726315469625715	0.7171623747186874	0.7225762849843833	0.7243977412480043	0.6843046433246602	0.724035456662959	0.749418375319712	0.7572027911179174	0.7992918356707679	0.7857103456757525	0.8799762475175205	1.0	0.6923711828326281	0.7591304706310408	0.7315379408146139	0.7066448626038717	0.6903796398033092	0.7584188819064365	0.7522789371404407	0.70108747583083	0.7519327269732059	0.7071108377083895	0.6604534271306818	0.7284863610060556	0.617709505607909	0.7265270041756823	0.7240958955948726	0.74238012931644	0.5601826503030065	0.7799438688459699	0.7334162667869533	0.7244038411234959	0.6485858664124782	0.6699761471489013	0.7032424429949683	0.7821248417162137	0.7674276294040803	0.8146093842966272	0.6193115747259584	0.6763026959899566	0.7620668916531079	0.7316921782302876	0.7701307154686907	0.7105830219004471	0.828199559225653	0.7447904963949589	0.7097630945472724	0.7394895808516945	0.7522954956935146	0.6558017167235886	0.6285107472891651	0.7400733263582464	0.7825894520399057	0.8073920931693942	0.8139248719478435	0.8055706412026574	0.7796468722289799	0.8108686498865991	0.814992422069868	0.805498726469309	0.8039269258463069	0.8032811868287514	0.823089612828867	0.8063103866804838	0.8111715035733615
P19_0025_BDO_01	0.6830706014434473	0.6601520033245275	0.8749172396415283	0.8904934903259393	0.8859280091030209	0.7586779488218564	0.7816776964101397	0.8956590497747832	0.8639264323025906	0.8209417723137519	0.7797059004039412	0.8254102980642769	0.7843956483268172	0.8662196962689966	0.8485604302497084	0.7729102678385674	0.8926577781267259	0.8818872074075549	0.8189306698367507	0.7702001057936569	0.7037953908030711	0.807757494195033	0.8207503421858153	0.8375763463798893	0.9062031299993697	0.9110154618702431	0.7960892408704099	0.8352480859824531	0.8935454649858229	0.8544576154267889	0.822714069883003	0.88359200416856	0.8742496427404557	0.8635655296090522	0.8663821702584029	0.8202211790758962	0.7174000177443114	0.6923711828326281	1.0	0.9179961591762691	0.7416552392407725	0.7413127227952555	0.7103656665549035	0.851401501942333	0.8351153710299177	0.84969817364165	0.8446010198921649	0.8058651536775463	0.7588295917279101	0.7530268203770017	0.5882293898537663	0.7631361658361016	0.7548467161325053	0.8873845571497799	0.5272819785604421	0.8384786779452038	0.8347873555616525	0.6944714863895965	0.719850246564776	0.8317769072386835	0.7894190762045972	0.8337643481261973	0.8875921231382179	0.7234852115052066	0.8132854251285971	0.844649889372611	0.9271442045946495	0.8030251272606221	0.7986943899405494	0.8344556490472438	0.8722834580766216	0.8046084600139474	0.7890548399519953	0.9048866957132182	0.8570289582039299	0.8296202060384111	0.7939255055280767	0.8112199932745406	0.8480191244668442	0.9027450174273473	0.8890213015591	0.8987725146779252	0.9116637177587513	0.8905684180612904	0.9096720144128154	0.8855017030944515	0.9242296341538209	0.8851449891419942	0.8906027643408069	0.8845033059874362	0.8962412084916435
P19_0025_BTR_01	0.615033874755914	0.6299613176580388	0.8920726777626954	0.8724669238656936	0.8810598319931259	0.8375216708817317	0.8506573324713953	0.8688234864015651	0.8459538867558084	0.8816236168957154	0.8058439383625798	0.8597628841960652	0.8167779459148028	0.8519779322747101	0.847044182927557	0.8123163434312686	0.9053749980989506	0.8958851124382913	0.8246643431868843	0.7845457899642124	0.7088134413356405	0.7347442852277242	0.876497650276723	0.843066987707787	0.9153461878695999	0.9254943779378169	0.829334793608469	0.9050808908821277	0.9341481279887247	0.9469353601263492	0.8611854490150143	0.8796880569682956	0.8819558842831553	0.879854429826797	0.887700788216615	0.8513492633429578	0.7496765858462521	0.7591304706310408	0.9179961591762691	1.0	0.7970361923446915	0.7961868672699578	0.7433629428400754	0.927216191368418	0.9001804512121144	0.9159499593077122	0.887739487850327	0.8056753487823477	0.8063623101127582	0.7257241001358051	0.6135488689321343	0.8463727094946558	0.8079542973269267	0.9311907825446395	0.5520930092325274	0.8325617136620677	0.927339168760007	0.7552018978439757	0.7577617979457204	0.8186074050743462	0.8737453072737044	0.8752179742239643	0.9075767004426547	0.7735578377559748	0.850104213481659	0.8566886310458536	0.9031304513643951	0.7975072267781638	0.8187684787188959	0.8267548181968335	0.8289290258735378	0.8517772273576505	0.8468621059746102	0.9495154343978444	0.9373245563546703	0.8385624444198888	0.7803569451618836	0.8804182503295637	0.8855399748460945	0.9347878102727107	0.9271486502342435	0.9213802736445812	0.9157172486034317	0.931026386779454	0.9242767292111996	0.9305637853574426	0.9276787163725392	0.9315034097210222	0.9165473334703312	0.9283147479158685	0.9314114446840923
P19_0026_BDO_01	0.5673948521643578	0.8692467684039824	0.8261370259657915	0.7981121982101282	0.8887482080328308	0.9238368541995453	0.9434542081857222	0.8087692166166001	0.8330860401482673	0.8457845006205112	0.7598751112769304	0.8127829901111309	0.780180589146865	0.7749426995020808	0.7346475240377838	0.8528447073611262	0.8870949892993895	0.8698982609460623	0.8863235207392403	0.915076503455705	0.5747976942610532	0.5782970552931833	0.901863959261618	0.8863987295024801	0.8941895428170797	0.8671461301969663	0.9297997040532057	0.9096349313138433	0.7984311294102274	0.7979592649384031	0.9211603594099899	0.8851641122649414	0.8976187851036229	0.8592622224231826	0.8397449858908034	0.7859857046642469	0.7314217231837615	0.7315379408146139	0.7416552392407725	0.7970361923446915	1.0	0.9701947263044454	0.580070996274659	0.8545018196286167	0.821438457482673	0.8210122119800423	0.8956024858183681	0.5806615086481491	0.8775446736931655	0.7769047115149365	0.8417461207260541	0.9293685927767725	0.9339609264697917	0.7863752705717404	0.5549974634072568	0.8648870803299414	0.8753322624121821	0.8581533618358544	0.8719424952819658	0.889333051296419	0.9112533798799958	0.9165356524521614	0.874017573476908	0.93019996525848	0.7268370777389449	0.7638405733817387	0.7897310181230272	0.8480059477680736	0.8771458177374996	0.8787971806593269	0.747878727380409	0.9280146830722659	0.9261187831370988	0.8527806014678158	0.8324997721327251	0.7209591895034637	0.8177582837947068	0.8334098096538836	0.8255537969411219	0.9200341795467407	0.9236864176156891	0.9231502095034128	0.8906323957420108	0.9199814051839773	0.9125469573604722	0.9228441799892688	0.898313954091125	0.9247871030453425	0.923722717332562	0.9194857302770114	0.9224537590468572
P19_0026_BTR_01	0.5597514853057337	0.8780862214606124	0.8078696757647301	0.7815578279301708	0.8884177660251998	0.936993700928602	0.9532902476705664	0.7984946473671218	0.8305076834490729	0.8679033669459753	0.7419012177560275	0.82533955411065	0.751783574169646	0.7385769264323964	0.7230931337557376	0.8288432639508723	0.8948296552561826	0.8835055307359249	0.8663417365076905	0.8968979978504067	0.5553979803866317	0.5533393529019108	0.9201500734987499	0.9108485832545417	0.8774650465498757	0.8684003483383045	0.9130613821292863	0.9067790521800002	0.7990979588104479	0.81828956541535	0.9389685745507835	0.9053874426298651	0.895739910154224	0.8538819703302231	0.8350676769652969	0.7866580521046301	0.7326842291802824	0.7066448626038717	0.7413127227952555	0.7961868672699578	0.9701947263044454	1.0	0.5767765235905525	0.8719256420483628	0.8483672704966668	0.8440264253204335	0.8987842946678787	0.5658166941272403	0.8904405534919689	0.8016146413396023	0.8344642173186182	0.9473444133525818	0.9621496901938705	0.7988131851167891	0.5509595906289658	0.8488318848639985	0.8745628596796314	0.8204883375248195	0.8738325164955839	0.8822220028938557	0.9101739715610222	0.9245078170463104	0.8815661455875906	0.9233647702626485	0.7235517847611642	0.770757067949815	0.8023627882674067	0.8448126261024919	0.8848296418742106	0.8900311017965238	0.7403364173062998	0.9436449639115985	0.9386766174938777	0.860380584974524	0.8455608509534649	0.71277435274726	0.7867456412385397	0.8288351608336407	0.8470629189165719	0.9207458613216404	0.9267573579970351	0.9298065602377094	0.8966439954561708	0.920229950144566	0.907089154854772	0.9282971778935677	0.896040756625055	0.9270540102327076	0.9148920072537944	0.9279426824081567	0.924351260353353
P19_0027_BTR_01	0.5647776725770872	0.5011844265491345	0.7459036203764777	0.6957930292067004	0.7020171728045693	0.561273832571051	0.6276430300964447	0.7830987046516533	0.7736813194905865	0.6711583075165162	0.6896997232260687	0.7639508324854538	0.6904558492614676	0.703622929749631	0.8183242219791037	0.7330888159462928	0.7134241140118271	0.7368390591272673	0.6871969964875204	0.623152375712612	0.7515867015810935	0.6995128433949597	0.6697936967759964	0.6523724422490926	0.7210701376376975	0.7381516753359096	0.5905082210790586	0.6478767778744149	0.758605843662344	0.6446346715994474	0.6380878495954282	0.670971062443314	0.7087597243068147	0.6991511265175869	0.7166013378899297	0.632040406533186	0.706489120623698	0.6903796398033092	0.7103656665549035	0.7433629428400754	0.580070996274659	0.5767765235905525	1.0	0.6296764641887234	0.6627552103668187	0.6119496154743004	0.6341953162128303	0.7286649729896038	0.5902916850526108	0.5742049569610107	0.5838302637455169	0.5745604421211925	0.5801287583288778	0.7187436491192705	0.6866075660357761	0.6877389925691787	0.6640017019404864	0.604920535757504	0.5556800473594834	0.6737562292036324	0.632724928783254	0.6369024242328026	0.6894777241331607	0.5489526474955024	0.5913564440542266	0.5980504252251284	0.7811916122151618	0.6605093552540311	0.5987811634673346	0.5944590567495514	0.7272869704711702	0.6088603011014523	0.604612634876518	0.6790670398700248	0.6769481520178262	0.6772059837636804	0.5647859484542987	0.6014221924602278	0.7283667742863602	0.7207514595946636	0.7149381167603913	0.7389728911890832	0.7439659557848468	0.7076588889505164	0.7408907719215372	0.7038566062903723	0.7520606124278515	0.6994465553056283	0.7260616584074556	0.7068079074105867	0.7182169645631109
P19_0028_BDO_01	0.6343739341613074	0.7479586464646332	0.8930342136754139	0.8520979923140839	0.9029866879611553	0.9303333813234931	0.9233577349519753	0.8199604857303927	0.8275005715454283	0.9279617513049174	0.8115928941378678	0.874589755455812	0.8194177397049482	0.8125067627740813	0.7823626907997896	0.8268659991375885	0.9237779013282408	0.9144890445434573	0.8432067842837201	0.8287180208224236	0.6541439072220181	0.6222300561499889	0.9299056062312108	0.9136162112084051	0.8958513936208038	0.9067227174801347	0.8908570030147774	0.9232447794377647	0.9183128087413357	0.953797171707066	0.8672809676088558	0.8817081465351643	0.8861806109170555	0.8996746946901835	0.8963275347744687	0.8922202476361036	0.7518908228510964	0.7584188819064365	0.851401501942333	0.927216191368418	0.8545018196286167	0.8719256420483628	0.6296764641887234	1.0	0.961281899883755	0.9406903498542072	0.9447823670107754	0.6817039051683481	0.8941160813876227	0.8182638434096127	0.6837805951682061	0.9310026641942073	0.9003683285811692	0.8756000638184271	0.5557348303228332	0.8548673837190542	0.9253699955746093	0.777199851415809	0.7847015317044925	0.8304930431067744	0.8920914082780182	0.9464874935552816	0.9456542288697624	0.8672243790074482	0.8449637419741214	0.8773510106442066	0.8903071562344878	0.8632541265504036	0.9019905688805196	0.8774742879340355	0.8061005042819667	0.9294860132937013	0.931053740329631	0.9445350254287919	0.9590047111240771	0.7333858841428614	0.8097601086696703	0.9272229358972671	0.9213107291909747	0.9564787271464951	0.9566893405946724	0.9362774775186877	0.9386953866653782	0.9598731229445722	0.9295859272542072	0.9662563938456448	0.9248776732461318	0.965899404574237	0.9297526176780232	0.9650444870280677	0.9572268274809711
P19_0028_BTR_01	0.674864455782735	0.7752592046626168	0.8720762840201659	0.8344375045287813	0.9154512794994211	0.8995876536703808	0.9202090757131766	0.8415084527286948	0.8644904901864264	0.9027578318767153	0.8545880486220148	0.9041016703572786	0.7978601951296229	0.7821513783346973	0.7622157587826158	0.8056590132751431	0.9136983946077415	0.9150682722386777	0.8439926393447145	0.8087194995918396	0.6868227865215837	0.66125438057744	0.8926987109838354	0.8875641438800207	0.8765052220270543	0.868094468507355	0.8391015998421401	0.897731620010446	0.9099321476193977	0.9262437306813449	0.8414167689087154	0.8663126141558222	0.8828779727747774	0.9161018342287359	0.873190328177121	0.8623377635147366	0.7577444659661201	0.7522789371404407	0.8351153710299177	0.9001804512121144	0.821438457482673	0.8483672704966668	0.6627552103668187	0.961281899883755	1.0	0.9020389145929949	0.9091147373945212	0.6677268445878192	0.8725412711162455	0.8398900653216577	0.6820880168462935	0.9173282020472614	0.9103300865709776	0.8177272298367507	0.5958026676312806	0.8259165329296362	0.8877766351217751	0.7526333558024066	0.759431184952769	0.8316339572760688	0.8701553220851529	0.9280152838025002	0.9039487747788724	0.8517207708396091	0.8256671175676633	0.8517998767330285	0.8934169074382081	0.8479963799116153	0.8986052831743903	0.8786349540980318	0.7935454500550594	0.9207307225107371	0.9187968626017858	0.9287338982605471	0.9441029086913715	0.6781029357249025	0.7894000925834884	0.9016708097539933	0.9242218848449419	0.9388348475166199	0.9433954468915133	0.9318288474438103	0.9393586872035831	0.9403069099208847	0.9184499961269498	0.9486682920913388	0.9150263294031711	0.944281921418504	0.917254231620328	0.9512575979868193	0.9417795284279892
P19_0029_BDO_01	0.526673358082832	0.6657286517587672	0.8668116766179395	0.8554888644506028	0.8616923632418368	0.9167065834332674	0.9032349215156283	0.7896103697697046	0.7595381520712906	0.901508716564692	0.7362528162998729	0.8170624687338311	0.7911053718339891	0.8150634385090036	0.7702023285900609	0.8109479041672734	0.8816127499297839	0.8568229456684606	0.8399826454512429	0.8270643802069598	0.5468742368878684	0.6099507749649131	0.8977622950024805	0.8508055937392709	0.8721929885629227	0.9257641752855837	0.821727485474514	0.8592795503015209	0.8857585809798204	0.9148577790785117	0.8951842092956067	0.8972352274087037	0.8718372423610495	0.8262819000385332	0.8959139904643387	0.902056154658485	0.6729121810615328	0.70108747583083	0.84969817364165	0.9159499593077122	0.8210122119800423	0.8440264253204335	0.6119496154743004	0.9406903498542072	0.9020389145929949	1.0	0.943282111280512	0.6865728620248192	0.867616806130114	0.7377438422906177	0.6179541980943659	0.911929430889314	0.8536263272161837	0.9161351396986324	0.46065910193805903	0.8393012928591812	0.9204200007991249	0.7116682628901839	0.7620092095612699	0.8004831163376427	0.8633473808667403	0.8799381002927765	0.8768497060076307	0.7992840619127733	0.8337217781513209	0.8684127119461112	0.8384487797724546	0.8043025765190278	0.8263050813069184	0.8039141299874285	0.8146241010063686	0.9149569127035767	0.8986221637893067	0.929509638243017	0.9515275759124688	0.7538467565462059	0.7734700058645418	0.8818748564915696	0.8817920761155766	0.9292567570118428	0.9275777463087109	0.9010755116208324	0.8905607198040985	0.9348701669914946	0.9099250364213917	0.9338530093294315	0.9113121592653406	0.9318875267856563	0.9047253070989247	0.9342261466512548	0.9289284161557914
P19_0029_BTR_01	0.6199636774857028	0.7844062448213156	0.8887748997968102	0.8722731256767361	0.9215015396392934	0.9526792225911829	0.9336072320780516	0.804861669185556	0.8155571289837866	0.9352417093865766	0.7689081554831121	0.8588617659717768	0.843207006625557	0.8409192388660065	0.7959192664374076	0.8702327670867015	0.9330007677087978	0.9103371773093792	0.8742936454198307	0.892859968614586	0.6082700009746239	0.6325190306630429	0.9241331623856582	0.8961616292435421	0.9099305270941854	0.935319756819696	0.8928268724415591	0.88720669393305	0.897132640751625	0.895612088561537	0.9210550576601989	0.921741049510469	0.9002902252928765	0.8766792244105303	0.9211077251206494	0.9191857176735876	0.740943031534252	0.7519327269732059	0.8446010198921649	0.887739487850327	0.8956024858183681	0.8987842946678787	0.6341953162128303	0.9447823670107754	0.9091147373945212	0.943282111280512	1.0	0.6767107995916575	0.9046111732603973	0.7920057657763988	0.719475561016855	0.9334688605468527	0.9074404183650444	0.8805162820410275	0.5262644052160054	0.8945784413739487	0.9211986718457734	0.7939876362978644	0.7943792433385496	0.86696731875396	0.9043896290842042	0.9249418480789549	0.9208431179550229	0.8905302941360979	0.8403676916967273	0.8619340719306389	0.8642522381076799	0.8681562522141724	0.8831310221842765	0.834042764777705	0.8391715268691978	0.9484906619325749	0.9299067583784697	0.922000866388805	0.9428439643569739	0.7334828573480359	0.7884992095332004	0.9034419291537007	0.9169511254866817	0.9584304745590774	0.9618669673774023	0.9395440976037338	0.9279790504511818	0.964203066588148	0.9461866918512424	0.9632811228881372	0.9371083192752118	0.9626748937312791	0.9518109436964269	0.9622693257697308	0.9607493569807783
P19_0030_BTR_01	0.6526439571354433	0.5102041596028547	0.7696286637277885	0.8129471336703346	0.7156132548344519	0.573296547760801	0.5989655179719894	0.7694332989841123	0.7519624434429177	0.7339568877102681	0.7030435173894365	0.7096288023621968	0.7617965795370918	0.8227775951454187	0.8019659413883133	0.6978453962553475	0.7526415353176504	0.7491200752418051	0.724742903289649	0.6638560644545274	0.7490578547481818	0.8182032456430326	0.6787734997006585	0.6753181214217981	0.7765181914684046	0.7747204890153738	0.6067773701116853	0.6747375190747207	0.7695008361895046	0.6951438887044922	0.6607681046179095	0.7343840063364655	0.7168868886777896	0.7292163730178163	0.7131627332170101	0.6786825099595807	0.7515165611887198	0.7071108377083895	0.8058651536775463	0.8056753487823477	0.5806615086481491	0.5658166941272403	0.7286649729896038	0.6817039051683481	0.6677268445878192	0.6865728620248192	0.6767107995916575	1.0	0.5917966740797204	0.6455360694966589	0.4352935058538674	0.5837025578600166	0.5661917680121568	0.815835806443643	0.5153829518288909	0.7558638995348244	0.7270575366373538	0.6311412055419763	0.5709717364011231	0.6700953937393385	0.6261281213233697	0.6611518874328002	0.7023241708411107	0.596798933600189	0.6232095044989739	0.6782804895900107	0.813967872582766	0.6271744500117458	0.6450591059879478	0.6756049252362034	0.8005586180097829	0.6268116335497383	0.6152889507945954	0.7425402618541341	0.6851825044409869	0.8017091142083606	0.6347237058854291	0.6799651183400308	0.7068443954925504	0.7580860424317065	0.7427068076266007	0.7592143824452348	0.760650991476892	0.7440892557483915	0.7798915666967272	0.7327574919866151	0.7895589138123349	0.736152147892637	0.767343312045683	0.7286940761169468	0.7504653084328324
P19_0031_BTR_01	0.5951089319918343	0.8140095097029247	0.8020611581240323	0.7746728280619767	0.8856693809694265	0.9301138615397643	0.9226293994589388	0.7571991420356592	0.7885554864358023	0.8759002010500283	0.7157658833080953	0.8418131042940694	0.7631643025798733	0.7398264565932594	0.6850032652967581	0.7905490535855715	0.867458324884643	0.872354383493626	0.8205947538707833	0.8500657541237728	0.5519299462757178	0.5614341271602106	0.928922109126455	0.9173918583466637	0.8478112072034724	0.8721423539069119	0.8640510015573739	0.8751493168823252	0.8311454251705462	0.8390874907064443	0.8796234292380717	0.8913400825355996	0.8809648741145066	0.8339592419143187	0.8318905343128904	0.8078855340822848	0.7150648885700015	0.6604534271306818	0.7588295917279101	0.8063623101127582	0.8775446736931655	0.8904405534919689	0.5902916850526108	0.8941160813876227	0.8725412711162455	0.867616806130114	0.9046111732603973	0.5917966740797204	1.0	0.7981224368390453	0.7834501768947375	0.9121891541658487	0.8997980622102819	0.8197610069911145	0.583255791299177	0.8537942347787746	0.8632289109441914	0.7249172632591291	0.7995676739452009	0.8504197008678502	0.8905706046227048	0.8925856846913618	0.8659925368985256	0.8658112896899135	0.753809092369334	0.782145623139074	0.8285770276104567	0.8439271937650625	0.8915837124626005	0.8289202279302347	0.7401283417095608	0.9378241112343628	0.9122668312153671	0.8708570054837171	0.8627826087480539	0.7295945247848721	0.7202990178022796	0.8758911860382695	0.8841422276671127	0.9083030473937654	0.9096534176720811	0.9055424933967342	0.9110137704569291	0.9065769251333476	0.8857954029539736	0.9169146458496289	0.8797237208579556	0.9169434433385829	0.8882379205496175	0.9153260107166109	0.9095725206485877
P19_0033_BDO_01	0.7947716864391217	0.8545302922432265	0.7357541762344345	0.7562475473371292	0.8591761773653668	0.7659169367542378	0.8137213033816099	0.7908468019028605	0.8456717580197913	0.800495578762451	0.7749812070056207	0.8216512548828863	0.7341855164173448	0.7369310369556961	0.691590946187218	0.7398750932410731	0.8437368875618992	0.8528223452867787	0.8178294886413452	0.7933450405400635	0.6925037810370515	0.6734308014642926	0.8140204611351665	0.8497985831818272	0.7939019130337244	0.7532865957337229	0.8039657257647195	0.7723766844980127	0.7346209074624708	0.6990311795750687	0.7603413955389791	0.8446764266716124	0.8257573768244585	0.8727462353401946	0.7575366885566157	0.7101597307509365	0.7965958717858878	0.7284863610060556	0.7530268203770017	0.7257241001358051	0.7769047115149365	0.8016146413396023	0.5742049569610107	0.8182638434096127	0.8398900653216577	0.7377438422906177	0.7920057657763988	0.6455360694966589	0.7981224368390453	1.0	0.7035589456446671	0.7853257157622978	0.863645155781022	0.682849432854315	0.5675086137131684	0.7952751714819531	0.7177493183735805	0.7055545185526803	0.6961968110141646	0.8254316485718309	0.7534938706461739	0.822044637129693	0.8102006463360996	0.8486999678076779	0.6135970941311755	0.6849636822082866	0.8480239772408116	0.7618292695818668	0.877876708732044	0.8535710245516942	0.7869685892556872	0.8359288288619674	0.812804033445668	0.8047311558965647	0.7508130702074644	0.594180000129561	0.7307244404461843	0.7454114872516037	0.809701224727105	0.8440484684273681	0.8450798731241168	0.8744000538733541	0.8775828432746581	0.8308613063296469	0.8480676211760138	0.8395054002658124	0.8448632006332906	0.8377510506718276	0.8477690473095292	0.839867847312593	0.8450223587861614
P19_0033_BTR_01	0.5112844070430462	0.8102908193704824	0.718794855111955	0.6579923753154836	0.795028382029146	0.7844820483729903	0.8293637745892081	0.7293982620465925	0.7704721492399823	0.6761620833822991	0.6836253111457568	0.73985392682613	0.7067337109800711	0.6628200839416375	0.6649708593760231	0.7794965899364602	0.7541312007523379	0.748766635416981	0.7732952031675784	0.7956440793855831	0.47878719114791046	0.4962703646674117	0.8092829082260508	0.7745937181941122	0.7605974539749804	0.7367749583468385	0.8032372348551484	0.7854573861876908	0.6665674586993275	0.6390195692392842	0.7771956630703797	0.7195315970669768	0.8168238366203544	0.7565314445363756	0.7213822781058246	0.6366345748103437	0.6262274986910458	0.617709505607909	0.5882293898537663	0.6135488689321343	0.8417461207260541	0.8344642173186182	0.5838302637455169	0.6837805951682061	0.6820880168462935	0.6179541980943659	0.719475561016855	0.4352935058538674	0.7834501768947375	0.7035589456446671	1.0	0.7868943773626059	0.7954870103504145	0.605547837653688	0.640899830403142	0.7532188003051434	0.7422643598653694	0.8140000673789154	0.8002454997509366	0.8167788594258287	0.8132261763310189	0.7957259682377928	0.7411211269693163	0.8025965838838018	0.6426669311422389	0.6482424141293938	0.6708464984844976	0.7944551846859647	0.7591994449973404	0.7662113381951853	0.643277576170067	0.7856044901524432	0.804897991709005	0.6755695134962264	0.6556217604998598	0.5637890706436329	0.7040867041500156	0.6950096644243764	0.6901637008502082	0.7823196323912132	0.789321703586292	0.7989015747400507	0.7855711434746073	0.7792762257991278	0.7844974056174101	0.7834659854865288	0.7712436350216547	0.7825332357710368	0.7946025136537651	0.7830145642664708	0.7864057427378484
P19_0034_BDO_01	0.5450619915641723	0.8142462576440567	0.8472401207481125	0.8147124634424714	0.9046493231233693	0.9715331241881348	0.9750582313645344	0.7937486374164807	0.8076530082960903	0.8961106360283082	0.7637297349330114	0.8421191328575698	0.7983592422865561	0.7740252186786749	0.7404330017101093	0.8358166013876183	0.9016510056825124	0.8740309338424341	0.8778501865521394	0.8882285656030672	0.5522315169753015	0.5521307562357657	0.9308366450097505	0.9101492333841084	0.8816571393912566	0.8916940519352858	0.8921233252042853	0.9209463528996277	0.841807015515678	0.8870236042891948	0.9285796719440284	0.8960517360874646	0.9083489638225771	0.8650785694749136	0.8800732843052599	0.8603094416693041	0.7088470182460983	0.7265270041756823	0.7631361658361016	0.8463727094946558	0.9293685927767725	0.9473444133525818	0.5745604421211925	0.9310026641942073	0.9173282020472614	0.911929430889314	0.9334688605468527	0.5837025578600166	0.9121891541658487	0.7853257157622978	0.7868943773626059	1.0	0.9542723094329162	0.8260164986973051	0.532298625272697	0.8653368487512652	0.9216699193605936	0.7985660688006454	0.8440590163257662	0.8538096089389148	0.92263424942383	0.9344159313066216	0.8862134317654702	0.91713793338206	0.8123270002810061	0.831707820370166	0.8053805971126803	0.8606127023415416	0.9001819183081743	0.8799429956489956	0.7644311331845328	0.9664075674050069	0.9602426781470275	0.9051668510858094	0.916688145176253	0.6966835990371689	0.7942715661975889	0.8877611457139357	0.8714260001423777	0.9427241235777208	0.9484506363617804	0.9335566213029003	0.9085815630089803	0.9476475757095165	0.9203761991754913	0.9542816159620878	0.9109928365837924	0.9523466506225937	0.9260115657246031	0.9545290924593584	0.9462413407670586
P19_0034_BTR_01	0.6308886127070803	0.8924853226857921	0.8088890850471706	0.7905570175187315	0.9128166721879797	0.9369852641943659	0.9573185535576636	0.814070476960242	0.8528500233749271	0.8721440951657323	0.7926716283695004	0.8623317917506159	0.7587379027255802	0.7333938761337747	0.7111097739192271	0.8082193773898013	0.9056501043063128	0.9004064653361594	0.8705414606918024	0.8844655425025104	0.5921678085445299	0.5839281869403989	0.9110730346944677	0.9144256305814636	0.8716658935504465	0.8483082277674785	0.8997721710163773	0.904261211899359	0.8193228185536487	0.8344459783789014	0.9138937894430292	0.9067781155019197	0.9018982446629458	0.8828698084042326	0.8435402524545285	0.8056625265607951	0.7543186461205922	0.7240958955948726	0.7548467161325053	0.8079542973269267	0.9339609264697917	0.9621496901938705	0.5801287583288778	0.9003683285811692	0.9103300865709776	0.8536263272161837	0.9074404183650444	0.5661917680121568	0.8997980622102819	0.863645155781022	0.7954870103504145	0.9542723094329162	1.0	0.7766414084744607	0.5744193893161363	0.8350175139634781	0.8553853952360778	0.7898285143930738	0.8421561273666259	0.8837609750182076	0.8989226841787328	0.9297255358792152	0.8877657675139075	0.9339995353748765	0.7514008648208377	0.7753543636257749	0.8249763465702058	0.8463901359849663	0.9109846918664979	0.8992055035666475	0.7578755404673698	0.9637012273362652	0.953452057158922	0.8832545024361077	0.8771388624048382	0.6573688676103513	0.794367830101119	0.850218103497458	0.8789084499249197	0.9277596157488113	0.9360928990384342	0.9398481872558977	0.9145230503087318	0.9272077386748426	0.9116971367828445	0.938169917210751	0.9009244014698287	0.9350754522164887	0.9190553540434361	0.9395136135493498	0.9325698665319758
P19_0035_BDO_01	0.5750276097427742	0.6280674983549008	0.8667453790447489	0.8687346386230118	0.8451486519264109	0.8364520197691536	0.829031087169696	0.8075379287783266	0.7648055286411954	0.8554408870366721	0.6869616404044361	0.7941468175296988	0.7921813581572223	0.8355434788760019	0.8244271844384716	0.8028321964713457	0.8801158238078693	0.8657123290900256	0.8246274494776323	0.8000601715975264	0.6175490221038124	0.6958129741916665	0.890963536459289	0.8539205207767431	0.8821888541427497	0.9342048951282637	0.8074449282557304	0.8413612745590913	0.9036317212507486	0.8924034769349001	0.8679460351107486	0.8909111017747652	0.865075772022054	0.7925801993580213	0.8806305363188162	0.8575807327346616	0.7297750644603349	0.74238012931644	0.8873845571497799	0.9311907825446395	0.7863752705717404	0.7988131851167891	0.7187436491192705	0.8756000638184271	0.8177272298367507	0.9161351396986324	0.8805162820410275	0.815835806443643	0.8197610069911145	0.682849432854315	0.605547837653688	0.8260164986973051	0.7766414084744607	1.0	0.48132452292383854	0.8488747589979901	0.9002431625144731	0.7040068608002269	0.765035199663518	0.7764744405407218	0.8271152214370544	0.8481229842837817	0.8757080917012358	0.7667326444326764	0.7916189928713816	0.8369512465760083	0.8737471190179464	0.7958966751065684	0.7798182338841827	0.7706045870904508	0.8375057243500872	0.8567298577260515	0.8198725936566399	0.8953780056057845	0.8850253956066468	0.8874114542895986	0.7321889224708267	0.8469407361735055	0.8696380046738774	0.9114146501258337	0.8987811257454879	0.8899389950793754	0.8822413604909058	0.9073541530446436	0.8979164644562463	0.9050475409861569	0.9047675418866474	0.9085181813392385	0.8875325596122868	0.9003617150425293	0.9054645108120679
P19_0036_BTR_01	0.6201001160740715	0.5916258647593461	0.6421455918135819	0.5986564335184881	0.6661037293734565	0.5295132842598655	0.6008393014184997	0.7001386641841683	0.7198965591062246	0.6007116716086041	0.7221725622305459	0.7025019321044235	0.6391589015237029	0.5901214798177117	0.6342512112080515	0.6588051311940742	0.599436690660481	0.6530633420032149	0.6040751296345892	0.5738693505639513	0.6564373021047804	0.5537555173887369	0.6007062702267169	0.5947536726552494	0.6541731664657118	0.6133898633778821	0.6093496549473743	0.6187523543410028	0.6334517548100312	0.5388716450220387	0.5386471735152586	0.512903345349609	0.6403410333209951	0.6785483453229716	0.5928341518588583	0.5017110776377415	0.62206450401141	0.5601826503030065	0.5272819785604421	0.5520930092325274	0.5549974634072568	0.5509595906289658	0.6866075660357761	0.5557348303228332	0.5958026676312806	0.46065910193805903	0.5262644052160054	0.5153829518288909	0.583255791299177	0.5675086137131684	0.640899830403142	0.532298625272697	0.5744193893161363	0.48132452292383854	1.0	0.643446968618655	0.5556629946759294	0.630496166306489	0.5924303018541808	0.651380638554498	0.5657579439063941	0.60784272863168	0.6229968953483274	0.5463905022526202	0.5053813421503118	0.5486608090316097	0.6332788622872694	0.604321459989994	0.6032320078975509	0.6217846149150915	0.6024232295424925	0.5598631622687411	0.6187704896679996	0.5393822929632527	0.5584326058060254	0.4789600386014303	0.6228507854244404	0.5920299331378633	0.6387412166670283	0.6337513618958711	0.6381147806710773	0.6519300742835886	0.6629613024833458	0.6277478370033517	0.6481845770836455	0.6279035413199198	0.6501662858190169	0.6209314533641145	0.6419668407358573	0.6334474371745639	0.6364073635363161
P19_0038_BDO_01	0.6909037545105862	0.7817361151955727	0.8889049735890809	0.8890497334712437	0.924600396334617	0.8586082982276864	0.8733714749066844	0.8520486059698229	0.8622903612612155	0.8789807158096913	0.7780318825108097	0.836944372391742	0.8815581815386478	0.8914845199137167	0.8371406424293532	0.9016505630201078	0.8982240678342084	0.8899851297953492	0.9084735951955996	0.9060058368059657	0.7006785270308127	0.7254222250860607	0.8834293520681085	0.889391489303195	0.916964086762479	0.9165903109990612	0.8637627755103394	0.8516388777580237	0.8465555708592756	0.8032830017389596	0.874651249389573	0.8822514017140187	0.88978189310069	0.8860459144107439	0.8994633360318363	0.8591067644899909	0.7839882159514988	0.7799438688459699	0.8384786779452038	0.8325617136620677	0.8648870803299414	0.8488318848639985	0.6877389925691787	0.8548673837190542	0.8259165329296362	0.8393012928591812	0.8945784413739487	0.7558638995348244	0.8537942347787746	0.7952751714819531	0.7532188003051434	0.8653368487512652	0.8350175139634781	0.8488747589979901	0.643446968618655	1.0	0.8547158195032225	0.7889078023791909	0.8062715989547461	0.8776668031742472	0.8283479981615861	0.8739599698766498	0.8823533810879238	0.8653860768769627	0.7576605482716449	0.8074076545607358	0.8696323481535664	0.8429873293940796	0.8690750524494847	0.8381563840472553	0.8833681039386808	0.8718531542619701	0.8573794930396708	0.8828887131932609	0.8580926136148177	0.7853779766249751	0.8179527252055665	0.8617343147111127	0.864162681813955	0.9322141124084283	0.9270741956614427	0.9292661159599857	0.9147495107031717	0.9272064196097567	0.9424680749970044	0.9199814463398079	0.9422560552540771	0.9206280939278635	0.9385853369993119	0.9178514764025678	0.9301757033376351
P19_0039_BTR_01	0.5483045790447285	0.7050057961041335	0.9006192742586574	0.8652017728789768	0.8811484072736837	0.9217241388097144	0.9207916849179578	0.8288867571611251	0.8098753547159949	0.8986291928461186	0.7774956853113475	0.8430132639006624	0.8466594937629018	0.8597376261663162	0.820751951510965	0.8518053346109372	0.9088732516197552	0.8839279803097148	0.8552956317539903	0.8513858133167148	0.5966840669301143	0.6274434194395038	0.9230383493425482	0.872548257414026	0.9186707317270225	0.9360427768370935	0.8803042200866968	0.9219886421414722	0.9053380572852346	0.9318997456429067	0.9100332571954933	0.8776725150401865	0.9059568585064592	0.8584570015249865	0.902505356799322	0.8770718411640065	0.7112291867280188	0.7334162667869533	0.8347873555616525	0.927339168760007	0.8753322624121821	0.8745628596796314	0.6640017019404864	0.9253699955746093	0.8877766351217751	0.9204200007991249	0.9211986718457734	0.7270575366373538	0.8632289109441914	0.7177493183735805	0.7422643598653694	0.9216699193605936	0.8553853952360778	0.9002431625144731	0.5556629946759294	0.8547158195032225	1.0	0.84283292627761	0.8191326689504529	0.850090231156776	0.9264234865254477	0.9039719974046418	0.8916133261656898	0.8303174097415623	0.8804747608506921	0.9010439721298954	0.8340429398468402	0.8431019031576816	0.8380735022600659	0.852655075255358	0.8030428068574181	0.9036450082312634	0.9136547948463236	0.9151082468425125	0.923690119821704	0.7960338680798483	0.7947620637639485	0.9020372218486445	0.8630847002084148	0.9470484337981563	0.9476669187488517	0.9246032975946191	0.9058594736475651	0.9526413093645097	0.9302536203574092	0.9519775214482928	0.9253672861561758	0.9511766068965716	0.9309733474612362	0.9513649958793727	0.9478725456974999
P19_0040_BDO_01	0.53568246525611	0.7453116114567531	0.8302021308580828	0.7954217651802643	0.803560772182498	0.7934329829628093	0.8287700600383133	0.8199913897154748	0.8208408819208641	0.7277269014921568	0.8482849944520195	0.7706077329896734	0.7647962487548925	0.7849670306259489	0.7867470541376017	0.8292510747464148	0.811032425736166	0.8002171286606616	0.8404206214691271	0.7964594408605149	0.6423319040274394	0.6575126848894817	0.8132036698255503	0.7654986748985418	0.8575812834717174	0.8060582578096752	0.8650964717128924	0.8577554678181404	0.7690455491997271	0.741683836775371	0.8035390695601698	0.7424556579227646	0.8572342556403678	0.8487101939143245	0.7845500143638278	0.7179192905559656	0.666453138796702	0.7244038411234959	0.6944714863895965	0.7552018978439757	0.8581533618358544	0.8204883375248195	0.604920535757504	0.777199851415809	0.7526333558024066	0.7116682628901839	0.7939876362978644	0.6311412055419763	0.7249172632591291	0.7055545185526803	0.8140000673789154	0.7985660688006454	0.7898285143930738	0.7040068608002269	0.630496166306489	0.7889078023791909	0.84283292627761	1.0	0.817840692741711	0.8539400861089259	0.8485922326368021	0.8413626646898447	0.8153339769511555	0.8121788227139726	0.7567204473950465	0.7676936028415372	0.7371462954438605	0.7756331592674754	0.77871868559353	0.8411829029411865	0.7222712512074798	0.7937854466760518	0.8463411528388131	0.7519078703597296	0.7632950993890966	0.6006963601947843	0.8539070871457368	0.7743977361597603	0.7365229625617412	0.8521876721458054	0.8549428511098333	0.8477135384504979	0.828231151640412	0.8535206627261921	0.8584389498623357	0.8480594825748203	0.8445082523665011	0.8499211511055075	0.8687807808400255	0.8450193894070124	0.8541183511628804
P19_0040_BTR_01	0.515897289049372	0.7652977433365631	0.8250289036226828	0.805671381914851	0.8053379464347079	0.8472591997001219	0.8634401970611407	0.7685447435041539	0.7830569443313499	0.7216875352250132	0.7292969068105021	0.7057795586089135	0.7392692720499935	0.7596161658980631	0.7310668804516504	0.8279182167746324	0.7958660992401826	0.8044694940185229	0.8619949966524789	0.841576613800135	0.5309299809365082	0.6412431035191096	0.856599083692007	0.8297790623625799	0.8410923270311895	0.8223309404645847	0.8357415720170649	0.8649439326649759	0.7673303993233145	0.7796012604976432	0.8688109997552723	0.7840035702612216	0.8734743227690138	0.8061973921241562	0.8194260782856865	0.7591323211518938	0.656658464007011	0.6485858664124782	0.719850246564776	0.7577617979457204	0.8719424952819658	0.8738325164955839	0.5556800473594834	0.7847015317044925	0.759431184952769	0.7620092095612699	0.7943792433385496	0.5709717364011231	0.7995676739452009	0.6961968110141646	0.8002454997509366	0.8440590163257662	0.8421561273666259	0.765035199663518	0.5924303018541808	0.8062715989547461	0.8191326689504529	0.817840692741711	1.0	0.8282438261229377	0.819746774981398	0.8696295587908951	0.8411402469607941	0.8150597018532209	0.7549077928485798	0.7696107171581669	0.7496543436996359	0.8097953872167153	0.795660411664006	0.8386674342751852	0.7563718970488048	0.8443256839080676	0.8768687587448016	0.7860101628784402	0.7763082179312774	0.6867897809232746	0.8405689800607352	0.7939079716019325	0.7879131786729907	0.8614269373995065	0.8671109813581807	0.8526069515838545	0.8411006096815999	0.8659129861801688	0.8574633331230344	0.8644598963200676	0.8482664237220501	0.8622840512305934	0.8633678261077299	0.8651062621773016	0.8648301394839195
P19_0041_BDO_01	0.6255712671035824	0.8074100043505635	0.8498017172659249	0.8510016283687535	0.9173652782077976	0.843676889764195	0.8818300798811409	0.9123138534168341	0.9237061694963852	0.832536946323423	0.849406015985375	0.8356453853069409	0.7986566046535772	0.8426214687533444	0.8055409345576192	0.845155168222063	0.8953064008550072	0.8987290932037606	0.8986617077162512	0.8691498938181559	0.6799899473968943	0.7573373850920432	0.862710152839015	0.8543885706355079	0.9316925573788793	0.8952835974902599	0.881624400039375	0.8996434971962637	0.8433252109666215	0.778924101782024	0.9076244377477329	0.9027846168177394	0.9226303154229102	0.919082553192827	0.8581316201114543	0.758071285922778	0.7156240812060953	0.6699761471489013	0.8317769072386835	0.8186074050743462	0.889333051296419	0.8822220028938557	0.6737562292036324	0.8304930431067744	0.8316339572760688	0.8004831163376427	0.86696731875396	0.6700953937393385	0.8504197008678502	0.8254316485718309	0.8167788594258287	0.8538096089389148	0.8837609750182076	0.7764744405407218	0.651380638554498	0.8776668031742472	0.850090231156776	0.8539400861089259	0.8282438261229377	1.0	0.8941468436377652	0.859087930226576	0.8750011995861691	0.8383361940666276	0.7650813067549224	0.7953292103741618	0.8656994906235712	0.8083142696873211	0.8565718541287997	0.9015704789054828	0.8190206012487333	0.874892832740557	0.8828505243573506	0.8739526657518756	0.8360547441420672	0.7261473069665833	0.8630373001285068	0.7845174335544974	0.841214210704369	0.9222917771498356	0.9203445385032258	0.9403449308630818	0.9252687523695993	0.9122234227559205	0.9385951023884266	0.9093192137700727	0.9384114449026381	0.9074848442403418	0.9347549995162491	0.9095498933735405	0.9218542669003332
P19_0041_BTR_01	0.5217644873810288	0.7646049745919984	0.8398014044649347	0.8112492142526057	0.9011180421865258	0.9178220991924694	0.9253246969663428	0.8312220105566285	0.8342091432275901	0.8558335353910895	0.7897687890598356	0.8484152774073231	0.7948738168421159	0.7896965861099209	0.7654789461872499	0.8221570482135548	0.8920623766612503	0.8790863843435769	0.8488904416546574	0.8486714620150615	0.5854100928001891	0.6222988597358778	0.9046659645667582	0.866185830359888	0.8973593988004295	0.8970824522685856	0.8992376533213767	0.9433232923337475	0.8579042136194085	0.8812641519538864	0.9148113127603891	0.88962346067743	0.9220977361401722	0.8764740218577757	0.8513912280553477	0.7983088557983031	0.6922088629822559	0.7032424429949683	0.7894190762045972	0.8737453072737044	0.9112533798799958	0.9101739715610222	0.632724928783254	0.8920914082780182	0.8701553220851529	0.8633473808667403	0.9043896290842042	0.6261281213233697	0.8905706046227048	0.7534938706461739	0.8132261763310189	0.92263424942383	0.8989226841787328	0.8271152214370544	0.5657579439063941	0.8283479981615861	0.9264234865254477	0.8485922326368021	0.819746774981398	0.8941468436377652	1.0	0.8972173114276445	0.8742958738142231	0.8649816185630521	0.8112843141304715	0.8162461227021983	0.8102957642910125	0.8458415462319946	0.8505964681494702	0.8656905704956713	0.7375229097699529	0.922607981239686	0.9199438713371575	0.8893089858021387	0.8816925422073127	0.724148339430995	0.7760283151598513	0.8520929691826358	0.8539301733341776	0.9283557426390964	0.9320828699960401	0.9285434933365918	0.9098958482147795	0.9283906338999882	0.9184595104226828	0.9323814291495449	0.908454446349099	0.9318879234344754	0.9249206242239341	0.9313340187408395	0.9308198580614042
P19_0042_BDO_01	0.6568066170678972	0.850796595703095	0.8966904133201342	0.8590587811694261	0.926931349427891	0.9378121479213312	0.9496791551353245	0.8468478813211219	0.8714035973862176	0.8892828663591913	0.840790335202074	0.8784160703100843	0.8151193155704453	0.8000703794294795	0.7842413262541118	0.8552030882977437	0.9383135433888272	0.9241250344241551	0.880973588020025	0.8695366068577814	0.6426299470926282	0.640291294893858	0.941167794355673	0.943754782578106	0.9152011161970988	0.8944169479799292	0.9260269017676359	0.9285185953758881	0.8993052551662523	0.9184805396416357	0.8820396499902313	0.878203317906352	0.9215885854062424	0.9080445175128766	0.8922318706047324	0.8779575514718416	0.7717237570928447	0.7821248417162137	0.8337643481261973	0.8752179742239643	0.9165356524521614	0.9245078170463104	0.6369024242328026	0.9464874935552816	0.9280152838025002	0.8799381002927765	0.9249418480789549	0.6611518874328002	0.8925856846913618	0.822044637129693	0.7957259682377928	0.9344159313066216	0.9297255358792152	0.8481229842837817	0.60784272863168	0.8739599698766498	0.9039719974046418	0.8413626646898447	0.8696295587908951	0.859087930226576	0.8972173114276445	1.0	0.961062505759359	0.9185627866851008	0.8351108384801849	0.8722325457391042	0.8768156090809536	0.9204387129300867	0.9225147938084266	0.9224568932162768	0.808174101036588	0.9445377896084378	0.9514095519413227	0.9116531115688877	0.9068109667060908	0.7381682361615055	0.8513969707657294	0.9181651568743318	0.915987132829676	0.9617272318658403	0.9635800448957235	0.9490787960732786	0.9486185803472639	0.96382094353492	0.939594681952337	0.9703297966496812	0.9311068502708957	0.9707292690889301	0.9439158354784385	0.9683414170787257	0.9633217639954165
P19_0042_BTR_01	0.6911268313827755	0.788159196464822	0.9113975968190255	0.882958374989702	0.916068290075913	0.8961423506367572	0.9008311685568783	0.8692763824474093	0.8763418978041041	0.8947296000685212	0.8305243628968164	0.8773046732356301	0.8242654393074743	0.8373630223278624	0.8332253107012804	0.8530130629896437	0.9306985030617299	0.9321172855626969	0.8565000567261859	0.8539542272718353	0.709145828477388	0.6936069633584504	0.9235234332407726	0.9300443639438887	0.926549250040009	0.9169203111416754	0.9170605416461525	0.9238337911532601	0.9268736363871969	0.9196507655748001	0.8676069948181834	0.8908147477794759	0.9163734837990075	0.9192137943213945	0.9083065854769682	0.8800103306980659	0.7752686718693995	0.7674276294040803	0.8875921231382179	0.9075767004426547	0.874017573476908	0.8815661455875906	0.6894777241331607	0.9456542288697624	0.9039487747788724	0.8768497060076307	0.9208431179550229	0.7023241708411107	0.8659925368985256	0.8102006463360996	0.7411211269693163	0.8862134317654702	0.8877657675139075	0.8757080917012358	0.6229968953483274	0.8823533810879238	0.8916133261656898	0.8153339769511555	0.8411402469607941	0.8750011995861691	0.8742958738142231	0.961062505759359	1.0	0.8728371363387782	0.8379125188408214	0.853625074488658	0.9121729608226774	0.8903880699204262	0.9005100660544418	0.895759859893368	0.8461499642775339	0.9022970064499708	0.9086128422458384	0.927037574179633	0.9141123613634825	0.7827353894481459	0.8481063958299373	0.9009315878671323	0.9225814070349392	0.9589986720367648	0.9579226788678232	0.9479217966224511	0.9537032151164072	0.9582137034448674	0.9453402126798851	0.9613380302832841	0.9414119107266068	0.961319587738499	0.9449125367042258	0.9597540369732606	0.9590962913166445
P19_0043_BTR_01	0.6824815417325298	0.899917553523356	0.8018262793472306	0.7906153753551419	0.9007230679489363	0.9081424120199963	0.9147030025105337	0.7562420821367701	0.813256427391843	0.8512454204689688	0.7442925299460164	0.8369219604926493	0.7958101696832708	0.7547703098469999	0.7055826870866855	0.8240882913656965	0.88192278146489	0.868877276627355	0.8699112226402566	0.9004065736832634	0.6197097131365629	0.5772848231683146	0.8866987108097163	0.9008091249925921	0.8522115737668838	0.8273199721645208	0.8841211729796506	0.8612234096148431	0.7799507550574465	0.7908446152313845	0.8667455377651914	0.8704090105728729	0.8760767104777916	0.8641032118940938	0.8305178862132293	0.8055827850955313	0.8132439491481915	0.8146093842966272	0.7234852115052066	0.7735578377559748	0.93019996525848	0.9233647702626485	0.5489526474955024	0.8672243790074482	0.8517207708396091	0.7992840619127733	0.8905302941360979	0.596798933600189	0.8658112896899135	0.8486999678076779	0.8025965838838018	0.91713793338206	0.9339995353748765	0.7667326444326764	0.5463905022526202	0.8653860768769627	0.8303174097415623	0.8121788227139726	0.8150597018532209	0.8383361940666276	0.8649816185630521	0.9185627866851008	0.8728371363387782	1.0	0.7063241686286094	0.7370958476397435	0.8000240267312023	0.8428908150045329	0.9063449101906861	0.856782804836912	0.7720283214055269	0.9268385531651047	0.9000144928877913	0.831134247105191	0.8259784126471036	0.6687536241606022	0.75574175545395	0.8414170414436921	0.8539731586132681	0.9053058319790835	0.9129137627053346	0.9129115527289813	0.8885719224205637	0.9058388759452215	0.8958740827098793	0.9120796428940198	0.8775507484317808	0.9133128909909393	0.9114685242984123	0.9093798727291641	0.9097348378496514
P19_0045_BDO_01	0.5330766829765472	0.6076410779854425	0.8489116045977254	0.8269179036283077	0.8175695294547383	0.8239723141518877	0.8074333802448898	0.7732985330595832	0.7343340385986714	0.7776814134588129	0.7601264528944616	0.7598085950050633	0.7797143981639003	0.7944024401015889	0.7584009536564965	0.7710517249409984	0.8400944676603068	0.7994125227454012	0.7694481376702738	0.7503896537677547	0.5221457603077648	0.6057753557940299	0.8108554637466352	0.7793594244624124	0.8524205820963886	0.8457101835385767	0.7900450075581252	0.8190209807900846	0.8508270737377229	0.8703274935984302	0.8040521806283386	0.7602383177069232	0.8276221757817963	0.7815481721146559	0.8631792251220822	0.8494947435834149	0.5905059057761369	0.6193115747259584	0.8132854251285971	0.850104213481659	0.7268370777389449	0.7235517847611642	0.5913564440542266	0.8449637419741214	0.8256671175676633	0.8337217781513209	0.8403676916967273	0.6232095044989739	0.753809092369334	0.6135970941311755	0.6426669311422389	0.8123270002810061	0.7514008648208377	0.7916189928713816	0.5053813421503118	0.7576605482716449	0.8804747608506921	0.7567204473950465	0.7549077928485798	0.7650813067549224	0.8112843141304715	0.8351108384801849	0.8379125188408214	0.7063241686286094	1.0	0.8892432681116111	0.7583355468362644	0.8040620316954586	0.781687077163427	0.759939948745403	0.7519358520151957	0.7981775630069757	0.8291140417546494	0.8451574717305337	0.87818028640091	0.6756930456419973	0.7732378791099924	0.8506265254135275	0.7926911674875703	0.862503120016411	0.8594533993755198	0.8229745466390234	0.8236929234866437	0.8705664226326952	0.8436083487292485	0.8660823163731277	0.8417873593840673	0.8666542895723164	0.8409608980989072	0.864285509271929	0.8614885899442061
P19_0045_BTR_01	0.5390054392334631	0.638339190191347	0.89134247250151	0.863755825759967	0.836922133133663	0.8477619482105428	0.8495553477864296	0.7994162654699672	0.7661927870675064	0.829497432991735	0.7787873643012001	0.7613593452355937	0.802981973445514	0.8290114368237803	0.785362075895836	0.8136091287089403	0.8675839865966561	0.8221149515660829	0.8301659953429325	0.7723528008775058	0.5346284704866096	0.5890842663546619	0.8441336404610701	0.8339160134592812	0.890158845857526	0.88284974838674	0.8165298523603888	0.8329583530680759	0.8865490600071708	0.895880329801422	0.8102119802165358	0.7846039900369723	0.8378378855043346	0.8108614535159921	0.8863851900260502	0.8854530948992643	0.606103916744246	0.6763026959899566	0.844649889372611	0.8566886310458536	0.7638405733817387	0.770757067949815	0.5980504252251284	0.8773510106442066	0.8517998767330285	0.8684127119461112	0.8619340719306389	0.6782804895900107	0.782145623139074	0.6849636822082866	0.6482424141293938	0.831707820370166	0.7753543636257749	0.8369512465760083	0.5486608090316097	0.8074076545607358	0.9010439721298954	0.7676936028415372	0.7696107171581669	0.7953292103741618	0.8162461227021983	0.8722325457391042	0.853625074488658	0.7370958476397435	0.8892432681116111	1.0	0.7951883895033646	0.8524026270824269	0.772828834289071	0.8184007194812113	0.7912565699560611	0.8411697979086333	0.8647397918833998	0.8726978046400847	0.8869274841533205	0.6988085059335106	0.8143639110249564	0.8669037007287005	0.825149542187113	0.893708546320864	0.892374762264775	0.8530280002350248	0.8557344249340002	0.9031965264589769	0.875926270794451	0.897989763314246	0.8787665278667236	0.8948927666230954	0.8683650337560219	0.8995574986072161	0.8935752679712805
P19_0046_BDO_01	0.7605670869060329	0.7672643640745712	0.8779271728517927	0.8682917439617619	0.9133671837459031	0.8059038999876058	0.8365311637200794	0.8951061355504367	0.9189683106401597	0.8853047650704373	0.8252153235380492	0.879717086620315	0.8109084095759024	0.8501039121775392	0.8644535934101589	0.8201013019426725	0.9262748179634961	0.9430837076127446	0.8420869053814412	0.8089747311050915	0.8062846324041512	0.803673340225003	0.8759232415734959	0.8900705195064325	0.9162090420740345	0.903847322878666	0.834758249877637	0.866707564316193	0.9006064369684741	0.8485212249151155	0.8370096228920387	0.9051332337892853	0.8783043365233967	0.919999756921688	0.8694568473518886	0.8093045723225523	0.8317241584434204	0.7620668916531079	0.9271442045946495	0.9031304513643951	0.7897310181230272	0.8023627882674067	0.7811916122151618	0.8903071562344878	0.8934169074382081	0.8384487797724546	0.8642522381076799	0.813967872582766	0.8285770276104567	0.8480239772408116	0.6708464984844976	0.8053805971126803	0.8249763465702058	0.8737471190179464	0.6332788622872694	0.8696323481535664	0.8340429398468402	0.7371462954438605	0.7496543436996359	0.8656994906235712	0.8102957642910125	0.8768156090809536	0.9121729608226774	0.8000240267312023	0.7583355468362644	0.7951883895033646	1.0	0.8327477890840321	0.8799850616340652	0.8665618222787115	0.8800237579443805	0.8437626883509566	0.8294684869344329	0.9046616589649793	0.8681952430658886	0.8107719243002477	0.7854914442122052	0.8399532264138945	0.9114003038007156	0.9303237892402726	0.9198405622847128	0.9392314542424187	0.9644000736474296	0.9151990522362834	0.9313475607599568	0.9184021733774799	0.9384754607260423	0.9195335970231531	0.9196692373732874	0.915907412466807	0.9255295256254708
P19_0046_BTR_01	0.6205371146003431	0.7888661883311847	0.8713364422635915	0.8194311269604648	0.8812581834282477	0.8794449370032265	0.8906942354068111	0.7943136515726548	0.8090315794679732	0.8358831282092921	0.7607504668808596	0.803711690766393	0.8107910324373333	0.7899724032197547	0.7817936620892183	0.8537681618361931	0.8882367783133158	0.865222127017643	0.8297200904198603	0.8383921604636112	0.5972808185465756	0.5773829483632025	0.9043175727415844	0.907553038740052	0.8588541797034664	0.8546514888193961	0.8696564611327304	0.8559571590281176	0.8423350676412098	0.8408194329037222	0.8248295457321287	0.8205293856417528	0.8680082837861797	0.834398436425468	0.8726172038305686	0.8466759667739167	0.7334702081029894	0.7316921782302876	0.8030251272606221	0.7975072267781638	0.8480059477680736	0.8448126261024919	0.6605093552540311	0.8632541265504036	0.8479963799116153	0.8043025765190278	0.8681562522141724	0.6271744500117458	0.8439271937650625	0.7618292695818668	0.7944551846859647	0.8606127023415416	0.8463901359849663	0.7958966751065684	0.604321459989994	0.8429873293940796	0.8431019031576816	0.7756331592674754	0.8097953872167153	0.8083142696873211	0.8458415462319946	0.9204387129300867	0.8903880699204262	0.8428908150045329	0.8040620316954586	0.8524026270824269	0.8327477890840321	1.0	0.8580298860487009	0.8306400437823385	0.7973100397429018	0.8869882495838705	0.8881593575392267	0.8362638863579411	0.8396383091155569	0.6938841014506972	0.7747122133155535	0.8676903591301431	0.8567975104371321	0.9037677042671154	0.9060927413995304	0.8885469629085734	0.9074692463597681	0.9060554368621639	0.8873289988622057	0.9101204887667197	0.8809242545233309	0.9091660170753686	0.8895612278232871	0.9094755654799562	0.9055826207792173
P19_0047_BDO_01	0.7293696276808791	0.8770677003270902	0.8291294625788541	0.8151658752769593	0.9114822469526055	0.8877796802055586	0.9035298153678444	0.8102230757986143	0.8572659132875498	0.8729156124265841	0.7954127794774921	0.867521922488844	0.8118026738007391	0.7864988737219799	0.7617347260192697	0.8141142713311333	0.9204365085838584	0.901795980985325	0.8571309929259221	0.878226972772323	0.6761289045639527	0.645197283344547	0.9157262346067592	0.9338302644892141	0.878754662703713	0.849059906618385	0.8989991055192901	0.8850800131717204	0.8189605963761314	0.8301403874035251	0.8656131527702778	0.8990398806671585	0.8866636113063439	0.8921908579190075	0.8598188820432929	0.813064600759741	0.827207722460935	0.7701307154686907	0.7986943899405494	0.8187684787188959	0.8771458177374996	0.8848296418742106	0.5987811634673346	0.9019905688805196	0.8986052831743903	0.8263050813069184	0.8831310221842765	0.6450591059879478	0.8915837124626005	0.877876708732044	0.7591994449973404	0.9001819183081743	0.9109846918664979	0.7798182338841827	0.6032320078975509	0.8690750524494847	0.8380735022600659	0.77871868559353	0.795660411664006	0.8565718541287997	0.8505964681494702	0.9225147938084266	0.9005100660544418	0.9063449101906861	0.781687077163427	0.772828834289071	0.8799850616340652	0.8580298860487009	1.0	0.9092014896675141	0.817680108881414	0.9029370382700672	0.8929884378697355	0.8899574047499118	0.8555480524504924	0.7209863589126253	0.7724363761307131	0.8848236708370965	0.8960166860589392	0.9283040510265566	0.9253388497011449	0.9334179264235452	0.9307706066386934	0.9211912306443544	0.91252389746753	0.9302256372326049	0.9050846803305795	0.933711428861675	0.9158067874775263	0.9255055615893183	0.9273803712902428
P19_0047_BTR_01	0.6542894666463891	0.8434213611193865	0.8426296522234592	0.8428409948957206	0.8943946603833088	0.847733011944018	0.894511694489659	0.9022640947316173	0.9179661718720932	0.8264490739480225	0.8804124708262917	0.8378075452732353	0.7565704305616928	0.7923900584777454	0.7679134284969614	0.7861250597959816	0.9062526554509506	0.8990527299491671	0.8761576194587914	0.8286408749316554	0.6647857819649396	0.7204369664104006	0.8748723337546852	0.9062744574874041	0.9039886826950814	0.8563798816151756	0.8869835516469964	0.9178768778744899	0.8393266505261417	0.835245808903326	0.8619864639059354	0.8714652158202998	0.923813002047976	0.9114073243115316	0.8207330614906143	0.7521917664011992	0.7414678075618341	0.7105830219004471	0.8344556490472438	0.8267548181968335	0.8787971806593269	0.8900311017965238	0.5944590567495514	0.8774742879340355	0.8786349540980318	0.8039141299874285	0.834042764777705	0.6756049252362034	0.8289202279302347	0.8535710245516942	0.7662113381951853	0.8799429956489956	0.8992055035666475	0.7706045870904508	0.6217846149150915	0.8381563840472553	0.852655075255358	0.8411829029411865	0.8386674342751852	0.9015704789054828	0.8656905704956713	0.9224568932162768	0.895759859893368	0.856782804836912	0.759939948745403	0.8184007194812113	0.8665618222787115	0.8306400437823385	0.9092014896675141	1.0	0.7974797669758281	0.8890297307571555	0.9076293058037895	0.8818451634311538	0.8271253330728129	0.7242712617467487	0.8845674857908563	0.8249093386929244	0.8441792631524521	0.9220833441906674	0.9197862016675217	0.934878317841452	0.9274226602495181	0.9131488872551122	0.9174020478069191	0.9191131036833952	0.9174869143781069	0.9178646294941061	0.9130054149328529	0.9188646284065343	0.921462959813873
P19_0048_BTR_01	0.7287307270230156	0.6956369929497341	0.9188214331588528	0.9380727446879894	0.8618872587575599	0.7707734819321007	0.7823674205932813	0.832087379998096	0.831854786232873	0.8276520676063892	0.7515521127431246	0.7875313925159477	0.90000939591123	0.9409584204097484	0.9101228002050515	0.8893403830831355	0.8627085844407549	0.8474986400467737	0.9002103555681904	0.889286061801253	0.7552395120371023	0.8009995505336954	0.8119853591060316	0.8183562618771423	0.8636247808238805	0.8856510839422603	0.7724808076396165	0.7684232054635363	0.8346850155460366	0.7727139169360425	0.8105905748402882	0.8539867344310466	0.8509651592599755	0.8356798786917541	0.9227978313207938	0.8843700813091963	0.8294760987655398	0.828199559225653	0.8722834580766216	0.8289290258735378	0.747878727380409	0.7403364173062998	0.7272869704711702	0.8061005042819667	0.7935454500550594	0.8146241010063686	0.8391715268691978	0.8005586180097829	0.7401283417095608	0.7869685892556872	0.643277576170067	0.7644311331845328	0.7578755404673698	0.8375057243500872	0.6024232295424925	0.8833681039386808	0.8030428068574181	0.7222712512074798	0.7563718970488048	0.8190206012487333	0.7375229097699529	0.808174101036588	0.8461499642775339	0.7720283214055269	0.7519358520151957	0.7912565699560611	0.8800237579443805	0.7973100397429018	0.817680108881414	0.7974797669758281	1.0	0.7987150550519314	0.781700320999107	0.8346753583098968	0.8166162755438943	0.7756666164668299	0.7788935017584719	0.7758481850841986	0.8530953855479508	0.8917665395059156	0.8919582925910889	0.8829829187759264	0.8773543557466352	0.8916138241617118	0.9164184170452211	0.8763480784272593	0.9185423206596987	0.8715771524576006	0.9107808401666216	0.8795136117922321	0.8922729587886699
P19_0050_BDO_01	0.612092897013358	0.8511618941590999	0.852277939852262	0.8397933781910046	0.9248817320315524	0.9685912911826617	0.9758854238876609	0.8165672264431888	0.8331530723999612	0.8925806127834046	0.7860553694216719	0.854878417766519	0.7918656665052163	0.7779650625873994	0.7339185656498092	0.8320048554568473	0.9260615074762624	0.9094714003820611	0.8924405273933796	0.8897928146339014	0.5571712975217304	0.6097805529262513	0.9437251781663102	0.9302672039728309	0.8975632178483407	0.9057829214349872	0.8977024502328607	0.9006449840019305	0.8658369025721266	0.8760274600451174	0.9284217304486068	0.9240892732076359	0.92812775070371	0.8679844522481054	0.8876702228483665	0.8640054841458106	0.7486772823630735	0.7447904963949589	0.8046084600139474	0.8517772273576505	0.9280146830722659	0.9436449639115985	0.6088603011014523	0.9294860132937013	0.9207307225107371	0.9149569127035767	0.9484906619325749	0.6268116335497383	0.9378241112343628	0.8359288288619674	0.7856044901524432	0.9664075674050069	0.9637012273362652	0.8567298577260515	0.5598631622687411	0.8718531542619701	0.9036450082312634	0.7937854466760518	0.8443256839080676	0.874892832740557	0.922607981239686	0.9445377896084378	0.9022970064499708	0.9268385531651047	0.7981775630069757	0.8411697979086333	0.8437626883509566	0.8869882495838705	0.9029370382700672	0.8890297307571555	0.7987150550519314	1.0	0.9714439052212871	0.9058438720969573	0.9146136486499717	0.7153292619997639	0.8073601521156258	0.8930312404811316	0.9018951232640783	0.9549043434765162	0.9585875909106097	0.9497275095027223	0.9338819190244517	0.9565190112473645	0.9341142992173357	0.9640836913652651	0.9263946617783557	0.9630096180760268	0.9384829457410068	0.963464006042466	0.9573558392109071
P19_0050_BTR_01	0.5991877562230069	0.8341348140804264	0.8759617887763186	0.8494534934988547	0.9061327485319997	0.9613848261360042	0.9712412895318175	0.8390016525890576	0.8445628872254048	0.8819569591959088	0.8352651244839879	0.8453172455108172	0.7994008192451547	0.787422748808831	0.7496584547147271	0.8488565501954027	0.9169414338431351	0.9041478336056984	0.8898568421350632	0.8814560411588944	0.5717411329461315	0.6060124705650967	0.9414850851240743	0.9093014717946751	0.9055958975711579	0.8964921647381288	0.9155861394954561	0.9216616348315445	0.870655883396034	0.8893518328509206	0.9209669337531267	0.8845629847686262	0.9242029172745249	0.8854813385077723	0.8887144004173774	0.8564702461011968	0.7110091533312246	0.7097630945472724	0.7890548399519953	0.8468621059746102	0.9261187831370988	0.9386766174938777	0.604612634876518	0.931053740329631	0.9187968626017858	0.8986221637893067	0.9299067583784697	0.6152889507945954	0.9122668312153671	0.812804033445668	0.804897991709005	0.9602426781470275	0.953452057158922	0.8198725936566399	0.6187704896679996	0.8573794930396708	0.9136547948463236	0.8463411528388131	0.8768687587448016	0.8828505243573506	0.9199438713371575	0.9514095519413227	0.9086128422458384	0.9000144928877913	0.8291140417546494	0.8647397918833998	0.8294684869344329	0.8881593575392267	0.8929884378697355	0.9076293058037895	0.781700320999107	0.9714439052212871	1.0	0.8977853705610245	0.9130572431809432	0.675844789916097	0.8603075751259784	0.9052031299243308	0.879147311352661	0.9528610891512631	0.9588352949679859	0.9416347660672788	0.9286129931346818	0.9578703028991689	0.9327552558302654	0.9634481216720837	0.9233850741440344	0.9612597447195752	0.9383250664665642	0.9639601517871503	0.9564791701730361
P19_0051_BDO_01	0.6392787714909647	0.7243301366180126	0.8828857282094177	0.8850088288164477	0.9183452470581873	0.8934245203986523	0.9046420264479911	0.8852669046102156	0.8732363377500502	0.9160734346194452	0.8208113446518659	0.8731047677053114	0.819169034079917	0.8513725200521021	0.8193810182640655	0.8288804901030549	0.9340881748774346	0.9250847037204853	0.8702006182476768	0.8392602505106483	0.6712765828746148	0.7030496087763785	0.9070753867384571	0.9024314096671805	0.9327356174029242	0.9303965635679078	0.8780819623634231	0.9270996388162017	0.9145140385114564	0.9298754715224863	0.8982025019288284	0.9242324386689973	0.9019378495351505	0.9165547240316879	0.9075612636042677	0.8736127956376857	0.7406575150286984	0.7394895808516945	0.9048866957132182	0.9495154343978444	0.8527806014678158	0.860380584974524	0.6790670398700248	0.9445350254287919	0.9287338982605471	0.929509638243017	0.922000866388805	0.7425402618541341	0.8708570054837171	0.8047311558965647	0.6755695134962264	0.9051668510858094	0.8832545024361077	0.8953780056057845	0.5393822929632527	0.8828887131932609	0.9151082468425125	0.7519078703597296	0.7860101628784402	0.8739526657518756	0.8893089858021387	0.9116531115688877	0.927037574179633	0.831134247105191	0.8451574717305337	0.8726978046400847	0.9046616589649793	0.8362638863579411	0.8899574047499118	0.8818451634311538	0.8346753583098968	0.9058438720969573	0.8977853705610245	1.0	0.9562585325687318	0.7954722126873196	0.8241583594945714	0.8992007937429303	0.9056383701887741	0.9602977037089537	0.9557066295334097	0.9525332989567216	0.9432957949789466	0.9567472922902214	0.9487283156151025	0.9587604703688855	0.9500552929239371	0.9585948735007606	0.9431182178751176	0.9574272156010811	0.9585227119060167
P19_0051_BTR_01	0.5922084884598597	0.6806095516038653	0.8979659148580154	0.8718366035589539	0.89892681315336	0.9199109030989896	0.9142273107328659	0.8308598213403118	0.8203935136165821	0.914688483209657	0.8025504300864581	0.8530120270837326	0.8178145169189552	0.8296160131541146	0.7998789649946886	0.8443950046516102	0.9113899438257949	0.9067537691690826	0.8509221841675919	0.8250542360810136	0.6325253678949776	0.6382921861817712	0.9004369589018333	0.8699190868524189	0.909850933427675	0.9169427479928169	0.8585024363050633	0.8957274679628338	0.917500710229005	0.936016932663826	0.8841401572975487	0.8769767099909368	0.8776615742564754	0.8764908058989769	0.9237151578246189	0.9108898672538426	0.7226029212520121	0.7522954956935146	0.8570289582039299	0.9373245563546703	0.8324997721327251	0.8455608509534649	0.6769481520178262	0.9590047111240771	0.9441029086913715	0.9515275759124688	0.9428439643569739	0.6851825044409869	0.8627826087480539	0.7508130702074644	0.6556217604998598	0.916688145176253	0.8771388624048382	0.8850253956066468	0.5584326058060254	0.8580926136148177	0.923690119821704	0.7632950993890966	0.7763082179312774	0.8360547441420672	0.8816925422073127	0.9068109667060908	0.9141123613634825	0.8259784126471036	0.87818028640091	0.8869274841533205	0.8681952430658886	0.8396383091155569	0.8555480524504924	0.8271253330728129	0.8166162755438943	0.9146136486499717	0.9130572431809432	0.9562585325687318	1.0	0.7135185322667495	0.8056754991007704	0.9209301673194493	0.9114641820624855	0.9492413233136527	0.9507080814920422	0.9255000285770542	0.9163830340590278	0.955300266018211	0.929599941165241	0.9563596700905096	0.9265305565160531	0.9540435543035182	0.928296673993011	0.9570065834473112	0.9505968006169732
P19_0052_BDO_01	0.5817574853835086	0.5822389851541926	0.7718659432746101	0.7766970806639036	0.769116062258155	0.6900964559793902	0.7024023693281264	0.7580720326488972	0.7276607442622289	0.7646478103357502	0.604447641862967	0.7163683952581033	0.7399523140102104	0.7865948807265122	0.7610051867536082	0.7236007483679445	0.7852758749202745	0.7742339736079417	0.7290730383759736	0.7461933568865934	0.6259914167552435	0.6918140856554167	0.762812113750248	0.7768135067894986	0.8093066433497802	0.8511675822342465	0.7032176946822254	0.7668428278397906	0.8086424523537338	0.7742312467941256	0.7796060227372383	0.8251670113195287	0.7860262674247053	0.7202767507129246	0.7617022019156964	0.7068336845054504	0.7057007905847033	0.6558017167235886	0.8296202060384111	0.8385624444198888	0.7209591895034637	0.71277435274726	0.6772059837636804	0.7333858841428614	0.6781029357249025	0.7538467565462059	0.7334828573480359	0.8017091142083606	0.7295945247848721	0.594180000129561	0.5637890706436329	0.6966835990371689	0.6573688676103513	0.8874114542895986	0.4789600386014303	0.7853779766249751	0.7960338680798483	0.6006963601947843	0.6867897809232746	0.7261473069665833	0.724148339430995	0.7381682361615055	0.7827353894481459	0.6687536241606022	0.6756930456419973	0.6988085059335106	0.8107719243002477	0.6938841014506972	0.7209863589126253	0.7242712617467487	0.7756666164668299	0.7153292619997639	0.675844789916097	0.7954722126873196	0.7135185322667495	1.0	0.625075002747354	0.7027896140326518	0.7566812072304971	0.8085347974893676	0.792090099731568	0.805762015725324	0.7999119053467325	0.7957832640923186	0.8123899771795985	0.7910908840604339	0.8237406762776197	0.7949637592010687	0.797654019940194	0.7862653157607716	0.8005455280598908
P19_0052_BTR_01	0.5674626621457728	0.703097781170553	0.8443486914162022	0.8541882903576389	0.8182043579066524	0.7814785025487054	0.8209999555663346	0.8851748211437753	0.8558712758634622	0.7360788141873147	0.8842982520531557	0.7507400346359447	0.7258367956437287	0.8019003115546266	0.7530903445890934	0.7934483845845384	0.8172227653107788	0.8036218710072601	0.8678948166740403	0.7713019456445256	0.6225243404813153	0.7383743510374573	0.7823309273705256	0.7819113627686973	0.880306625534476	0.8320688550416832	0.8444597873359708	0.8489754891166255	0.8238226908230982	0.7720913514287022	0.8060759666949794	0.7575074392445766	0.8635106246895381	0.8673609227465243	0.8145882709004457	0.7471004186817795	0.5936659880455295	0.6285107472891651	0.7939255055280767	0.7803569451618836	0.8177582837947068	0.7867456412385397	0.5647859484542987	0.8097601086696703	0.7894000925834884	0.7734700058645418	0.7884992095332004	0.6347237058854291	0.7202990178022796	0.7307244404461843	0.7040867041500156	0.7942715661975889	0.794367830101119	0.7321889224708267	0.6228507854244404	0.8179527252055665	0.7947620637639485	0.8539070871457368	0.8405689800607352	0.8630373001285068	0.7760283151598513	0.8513969707657294	0.8481063958299373	0.75574175545395	0.7732378791099924	0.8143639110249564	0.7854914442122052	0.7747122133155535	0.7724363761307131	0.8845674857908563	0.7788935017584719	0.8073601521156258	0.8603075751259784	0.8241583594945714	0.8056754991007704	0.625075002747354	1.0	0.7703538989779339	0.7522131302640185	0.8667629440946416	0.8625196609475004	0.8545650650939398	0.8510031000960724	0.8652116918504517	0.8732870806933986	0.8573595061277406	0.8737861760289777	0.8570681099891794	0.8686465407750628	0.856200190161524	0.8651914715432075
P19_0053_BDO_01	0.642409025529501	0.7422904184915476	0.8657290160711131	0.8311230204370225	0.8827206283962987	0.9052369229447697	0.8954006963359467	0.7741634537993239	0.7896225603793765	0.8837231568441171	0.765826221534274	0.8340828484218669	0.8334787697157523	0.7984581183391384	0.7573336696761934	0.8276383359851496	0.9071416611626035	0.8889412115150179	0.8186422935586659	0.814154388878288	0.5964307761468974	0.600529100325888	0.9239240521272081	0.8964001549526783	0.8888294812422671	0.8721803404506117	0.8853512041602322	0.8901462436455813	0.8603708571783162	0.9050003651383813	0.8474836256485935	0.8406617423268814	0.8593642418740047	0.8534471334050278	0.8740852186046643	0.8655459177856751	0.7514250142612128	0.7400733263582464	0.8112199932745406	0.8804182503295637	0.8334098096538836	0.8288351608336407	0.6014221924602278	0.9272229358972671	0.9016708097539933	0.8818748564915696	0.9034419291537007	0.6799651183400308	0.8758911860382695	0.7454114872516037	0.6950096644243764	0.8877611457139357	0.850218103497458	0.8469407361735055	0.5920299331378633	0.8617343147111127	0.9020372218486445	0.7743977361597603	0.7939079716019325	0.7845174335544974	0.8520929691826358	0.9181651568743318	0.9009315878671323	0.8414170414436921	0.8506265254135275	0.8669037007287005	0.8399532264138945	0.8676903591301431	0.8848236708370965	0.8249093386929244	0.7758481850841986	0.8930312404811316	0.9052031299243308	0.8992007937429303	0.9209301673194493	0.7027896140326518	0.7703538989779339	1.0	0.8913447563778522	0.9257125909739294	0.9221870065874854	0.8985783765137705	0.9012003719893976	0.9289028140560577	0.8951945488391279	0.9344275919819179	0.8874891067832917	0.9385941314610812	0.8983767241454732	0.9291884561326698	0.9244817458790562
P19_0053_BTR_01	0.691533695474441	0.7791304990992256	0.8830371281134072	0.8665193157939132	0.9109409584521736	0.8875905274503694	0.8832925240435816	0.8271157616927868	0.8580617084289146	0.8994198635828867	0.7856135892424729	0.9027141813904297	0.8336565162755708	0.8115969974108301	0.8165555183834562	0.846550379131518	0.9064247948849138	0.9267170732266826	0.854298009756287	0.8465931073121684	0.7055536386362821	0.6967713966326606	0.914914059612166	0.9145431152448237	0.8790750004054676	0.8897058725879664	0.8528572811800225	0.8755648095204788	0.9039664578054218	0.895620890145547	0.8463054723892156	0.8870081909324424	0.8831849514881563	0.8853078338543943	0.9078247985430177	0.8860224120376476	0.8302789707505178	0.7825894520399057	0.8480191244668442	0.8855399748460945	0.8255537969411219	0.8470629189165719	0.7283667742863602	0.9213107291909747	0.9242218848449419	0.8817920761155766	0.9169511254866817	0.7068443954925504	0.8841422276671127	0.809701224727105	0.6901637008502082	0.8714260001423777	0.8789084499249197	0.8696380046738774	0.6387412166670283	0.864162681813955	0.8630847002084148	0.7365229625617412	0.7879131786729907	0.841214210704369	0.8539301733341776	0.915987132829676	0.9225814070349392	0.8539731586132681	0.7926911674875703	0.825149542187113	0.9114003038007156	0.8567975104371321	0.8960166860589392	0.8441792631524521	0.8530953855479508	0.9018951232640783	0.879147311352661	0.9056383701887741	0.9114641820624855	0.7566812072304971	0.7522131302640185	0.8913447563778522	1.0	0.9378743086276597	0.940826927599561	0.9313919625315982	0.9368290610285512	0.9382776079044373	0.9257090723317339	0.942548693645434	0.9212705825547393	0.9399430876629032	0.9261977975736408	0.9434497700077034	0.9399498350788337
BladderlocationDome	0.6905851049337753	0.8185290901668529	0.9437973430319206	0.9279910446066789	0.965226606814487	0.9403315135533554	0.9536072395056425	0.9102548904450978	0.9113062827363542	0.9338695156530896	0.858314808373388	0.9064624116845288	0.8884317247393823	0.8977713179881998	0.8726009215246749	0.9088680485792641	0.9716472859545301	0.9565131627594115	0.9361367096479609	0.9195946850358978	0.7099520100316258	0.7345778991959141	0.9580540182729052	0.9436502343173716	0.9697438119529113	0.9645817713342499	0.9317061939770466	0.9484708571044734	0.9361463982641249	0.92412121255895	0.9394744206045711	0.9446044941799016	0.9583307346948482	0.9418852142516513	0.9519962537182857	0.9082352435171617	0.8116842266485526	0.8073920931693942	0.9027450174273473	0.9347878102727107	0.9200341795467407	0.9207458613216404	0.7207514595946636	0.9564787271464951	0.9388348475166199	0.9292567570118428	0.9584304745590774	0.7580860424317065	0.9083030473937654	0.8440484684273681	0.7823196323912132	0.9427241235777208	0.9277596157488113	0.9114146501258337	0.6337513618958711	0.9322141124084283	0.9470484337981563	0.8521876721458054	0.8614269373995065	0.9222917771498356	0.9283557426390964	0.9617272318658403	0.9589986720367648	0.9053058319790835	0.862503120016411	0.893708546320864	0.9303237892402726	0.9037677042671154	0.9283040510265566	0.9220833441906674	0.8917665395059156	0.9549043434765162	0.9528610891512631	0.9602977037089537	0.9492413233136527	0.8085347974893676	0.8667629440946416	0.9257125909739294	0.9378743086276597	1.0	0.9976228515246366	0.9918461075631673	0.9824326348959131	0.9979572830802581	0.9935142702962437	0.9975504687384649	0.9908343558915482	0.9975739991197304	0.9918656795085752	0.9959469595630616	0.9993889103151795
BladderlocationTrigone	0.6835746030029902	0.8255517704121234	0.9457868281186653	0.9279608501234	0.9617912867446179	0.9478141350335021	0.9592558982012696	0.8996140190154146	0.9071782602593008	0.9351150726605849	0.8553214695293347	0.9065038818232304	0.8905740476961784	0.8979210133288231	0.8684381064213504	0.915885994943548	0.9644265065808502	0.9551118039585067	0.937484365786802	0.9278848645040151	0.7075575688279273	0.7212957836571398	0.9533752586463269	0.9419843814106432	0.9611649982891961	0.9594059193752305	0.927927614329009	0.9475979299270445	0.9324922238832115	0.9254930496858681	0.93746536939132	0.9385379996623802	0.9570410498454381	0.9421168134947413	0.9529439627431912	0.9166823629645624	0.8101546894392168	0.8139248719478435	0.8890213015591	0.9271486502342435	0.9236864176156891	0.9267573579970351	0.7149381167603913	0.9566893405946724	0.9433954468915133	0.9275777463087109	0.9618669673774023	0.7427068076266007	0.9096534176720811	0.8450798731241168	0.789321703586292	0.9484506363617804	0.9360928990384342	0.8987811257454879	0.6381147806710773	0.9270741956614427	0.9476669187488517	0.8549428511098333	0.8671109813581807	0.9203445385032258	0.9320828699960401	0.9635800448957235	0.9579226788678232	0.9129137627053346	0.8594533993755198	0.892374762264775	0.9198405622847128	0.9060927413995304	0.9253388497011449	0.9197862016675217	0.8919582925910889	0.9585875909106097	0.9588352949679859	0.9557066295334097	0.9507080814920422	0.792090099731568	0.8625196609475004	0.9221870065874854	0.940826927599561	0.9976228515246366	1.0	0.9894580557069269	0.9791465963820308	0.99882614627327	0.9923316249624039	0.9981537546413484	0.98702807719837	0.9959422808036277	0.9934802395199241	0.9986427206691495	0.9994212003655316
HistoryofsmokingNo	0.7109498023792993	0.8469583108768655	0.9167398243932389	0.9072258839758626	0.9722662205262615	0.9180399383128377	0.9474432595246229	0.9271269084715583	0.9410377249377511	0.9268696247300926	0.8629192164432853	0.9210321027188573	0.8678349597518495	0.8792271244472378	0.8633825527736035	0.8906165397558871	0.9694629741569991	0.9634499384250359	0.9318034615227925	0.9133837574608856	0.7388656622329308	0.7581282391843537	0.9492482915190437	0.9451028438254556	0.9650121551006535	0.9517753462043101	0.9240139639802007	0.9479095082121644	0.916031551543167	0.8948464910779151	0.9426000100282479	0.9587177813386609	0.9637274254598639	0.9530985596152478	0.9240595449528873	0.8647672068055915	0.8327872293386928	0.8055706412026574	0.8987725146779252	0.9213802736445812	0.9231502095034128	0.9298065602377094	0.7389728911890832	0.9362774775186877	0.9318288474438103	0.9010755116208324	0.9395440976037338	0.7592143824452348	0.9055424933967342	0.8744000538733541	0.7989015747400507	0.9335566213029003	0.9398481872558977	0.8899389950793754	0.6519300742835886	0.9292661159599857	0.9246032975946191	0.8477135384504979	0.8526069515838545	0.9403449308630818	0.9285434933365918	0.9490787960732786	0.9479217966224511	0.9129115527289813	0.8229745466390234	0.8530280002350248	0.9392314542424187	0.8885469629085734	0.9334179264235452	0.934878317841452	0.8829829187759264	0.9497275095027223	0.9416347660672788	0.9525332989567216	0.9255000285770542	0.805762015725324	0.8545650650939398	0.8985783765137705	0.9313919625315982	0.9918461075631673	0.9894580557069269	1.0	0.9871893707243284	0.9844202650122238	0.9910873674587806	0.9865634780259352	0.9896414859497471	0.9858961219345375	0.9882942115703739	0.9856328710902502	0.9912033214296987
HistoryofsmokingUnknown	0.7264218296887337	0.8382631387381221	0.915132496809535	0.9003700433694167	0.9632479720862475	0.9022178371003383	0.931129205946345	0.9208356176454142	0.9376965642661407	0.9166856710975437	0.8705092647814056	0.9203157435029519	0.8549468828738811	0.8692270948100868	0.857287653898803	0.8749460146067318	0.9587604937503598	0.9631197200233506	0.9062779465802357	0.8825221404342403	0.7549308551745803	0.7656382050671074	0.9413561010009793	0.9461536650522685	0.9545473629912639	0.9434332580947652	0.9102408505657364	0.9402306510167019	0.9274943954104925	0.8990945532429541	0.9098186673575377	0.9399052831059782	0.9582545948464064	0.9629156122038249	0.9108083117161674	0.858504805945916	0.8147325965462181	0.7796468722289799	0.9116637177587513	0.9157172486034317	0.8906323957420108	0.8966439954561708	0.7439659557848468	0.9386953866653782	0.9393586872035831	0.8905607198040985	0.9279790504511818	0.760650991476892	0.9110137704569291	0.8775828432746581	0.7855711434746073	0.9085815630089803	0.9145230503087318	0.8822413604909058	0.6629613024833458	0.9147495107031717	0.9058594736475651	0.828231151640412	0.8411006096815999	0.9252687523695993	0.9098958482147795	0.9486185803472639	0.9537032151164072	0.8885719224205637	0.8236929234866437	0.8557344249340002	0.9644000736474296	0.9074692463597681	0.9307706066386934	0.9274226602495181	0.8773543557466352	0.9338819190244517	0.9286129931346818	0.9432957949789466	0.9163830340590278	0.7999119053467325	0.8510031000960724	0.9012003719893976	0.9368290610285512	0.9824326348959131	0.9791465963820308	0.9871893707243284	1.0	0.9741241204860912	0.9792795139230385	0.9777573168699786	0.9793853188054964	0.977047724737303	0.9747035851867019	0.9768507192875924	0.9813592792408337
HistoryofsmokingYes	0.6750508282500665	0.8108975372129509	0.9508705934075431	0.9317111735717795	0.9574097703571763	0.9504394758473855	0.9570031045758298	0.8942615359825097	0.8950666351675777	0.9340651199744504	0.8510728677186571	0.8981228887601814	0.8940602513534989	0.9012207244651509	0.869838021869171	0.9173559144495781	0.9643662415509221	0.9496152293805127	0.9364534868227042	0.9255321693731677	0.6947066386823857	0.7140882195922668	0.9548418983656691	0.9385211476396341	0.962496361171918	0.9623821894178477	0.9292323609266222	0.9450140936992176	0.9364970239097269	0.9314080217940606	0.9353223674731456	0.932958378406231	0.9523051831367992	0.9340256800085374	0.9592952169048966	0.9255960962878015	0.8012662989794829	0.8108686498865991	0.8905684180612904	0.931026386779454	0.9199814051839773	0.920229950144566	0.7076588889505164	0.9598731229445722	0.9403069099208847	0.9348701669914946	0.964203066588148	0.7440892557483915	0.9065769251333476	0.8308613063296469	0.7792762257991278	0.9476475757095165	0.9272077386748426	0.9073541530446436	0.6277478370033517	0.9272064196097567	0.9526413093645097	0.8535206627261921	0.8659129861801688	0.9122234227559205	0.9283906338999882	0.96382094353492	0.9582137034448674	0.9058388759452215	0.8705664226326952	0.9031965264589769	0.9151990522362834	0.9060554368621639	0.9211912306443544	0.9131488872551122	0.8916138241617118	0.9565190112473645	0.9578703028991689	0.9567472922902214	0.955300266018211	0.7957832640923186	0.8652116918504517	0.9289028140560577	0.9382776079044373	0.9979572830802581	0.99882614627327	0.9844202650122238	0.9741241204860912	1.0	0.9904254146584791	0.9984734426624955	0.9855019453205293	0.9972343164604319	0.9911321857946388	0.9980482854896756	0.9989976668501576
SexF	0.7031855543350509	0.8145630199148421	0.9509280452609378	0.9457491677928599	0.9669744340832435	0.9132051946464846	0.9336567121909762	0.9276355807822049	0.9286769810515817	0.9228987428156488	0.8651292341929604	0.9043079289748381	0.9040168419957981	0.9251306003901798	0.8966860632550477	0.9254242683938333	0.9607727309784236	0.9496024692003532	0.9537485731561853	0.9323222961438274	0.7445117959445636	0.7781228491025342	0.9343115380436988	0.9253840492902643	0.9710634801068223	0.9654152625482522	0.9149882134738618	0.9372502602725112	0.9266117419063579	0.8951910119215445	0.9370289669091827	0.944802796419483	0.9619090756573231	0.9504943872825974	0.9509573283510702	0.8988607955063589	0.8181272571202752	0.814992422069868	0.9096720144128154	0.9242767292111996	0.9125469573604722	0.907089154854772	0.7408907719215372	0.9295859272542072	0.9184499961269498	0.9099250364213917	0.9461866918512424	0.7798915666967272	0.8857954029539736	0.8480676211760138	0.7844974056174101	0.9203761991754913	0.9116971367828445	0.8979164644562463	0.6481845770836455	0.9424680749970044	0.9302536203574092	0.8584389498623357	0.8574633331230344	0.9385951023884266	0.9184595104226828	0.939594681952337	0.9453402126798851	0.8958740827098793	0.8436083487292485	0.875926270794451	0.9313475607599568	0.8873289988622057	0.91252389746753	0.9174020478069191	0.9164184170452211	0.9341142992173357	0.9327552558302654	0.9487283156151025	0.929599941165241	0.8123899771795985	0.8732870806933986	0.8951945488391279	0.9257090723317339	0.9935142702962437	0.9923316249624039	0.9910873674587806	0.9792795139230385	0.9904254146584791	1.0	0.9856368241011159	0.9980336030072167	0.9840668152276694	0.9977825430958793	0.9855500645644995	0.9934818671233103
SexM	0.6762731048449029	0.822383258886743	0.9383443833900237	0.915700926227167	0.9580985405363267	0.9555661991254906	0.9639132762213509	0.890310086455705	0.8961972625033121	0.9364862665979324	0.8495835426036142	0.9040743181356999	0.8789595374280779	0.8810561333617	0.8543882266974798	0.9027100648168135	0.9676270114391462	0.955118880832975	0.9250135576230858	0.9159784299805054	0.6887374470736369	0.700461424412066	0.962497059706062	0.9477963675662978	0.9588579200482223	0.9566184844837544	0.9336084813705526	0.9497151366576234	0.934671681824537	0.9358198034806755	0.9353324105659007	0.9359966025165551	0.9519279936767199	0.9343019544951089	0.9495790874907456	0.915709863245313	0.804099157506988	0.805498726469309	0.8855017030944515	0.9305637853574426	0.9228441799892688	0.9282971778935677	0.7038566062903723	0.9662563938456448	0.9486682920913388	0.9338530093294315	0.9632811228881372	0.7327574919866151	0.9169146458496289	0.8395054002658124	0.7834659854865288	0.9542816159620878	0.938169917210751	0.9050475409861569	0.6279035413199198	0.9199814463398079	0.9519775214482928	0.8480594825748203	0.8644598963200676	0.9093192137700727	0.9323814291495449	0.9703297966496812	0.9613380302832841	0.9120796428940198	0.8660823163731277	0.897989763314246	0.9184021733774799	0.9101204887667197	0.9302256372326049	0.9191131036833952	0.8763480784272593	0.9640836913652651	0.9634481216720837	0.9587604703688855	0.9563596700905096	0.7910908840604339	0.8573595061277406	0.9344275919819179	0.942548693645434	0.9975504687384649	0.9981537546413484	0.9865634780259352	0.9777573168699786	0.9984734426624955	0.9856368241011159	1.0	0.9806683780525044	0.9991237913152307	0.986347023325327	0.9992309145230108	0.9984620407625041
BladderlocationDome_SexF	0.7017546509995546	0.8007245779002307	0.9493629256686315	0.9444308449858368	0.9667215518456888	0.8993563219639664	0.9255291842473333	0.9389059249635722	0.9324393662477647	0.9184319313520862	0.8648137098065015	0.90297691699029	0.8958854014400773	0.9243526233177348	0.9000996130819817	0.9151440196207848	0.9592346570170497	0.9477006370152706	0.9498035271787694	0.91962951945983	0.746815655479835	0.7897054788689593	0.9295800704218613	0.9227852817150194	0.9724196494911613	0.9699140443184135	0.9049952433962632	0.931438437719358	0.9298118340442143	0.8927766490551365	0.934606241395205	0.945826156416927	0.9620093424155737	0.9470508386991618	0.9466120370586388	0.8905477481662515	0.8098347306491364	0.8039269258463069	0.9242296341538209	0.9276787163725392	0.898313954091125	0.896040756625055	0.7520606124278515	0.9248776732461318	0.9150263294031711	0.9113121592653406	0.9371083192752118	0.7895589138123349	0.8797237208579556	0.8448632006332906	0.7712436350216547	0.9109928365837924	0.9009244014698287	0.9047675418866474	0.6501662858190169	0.9422560552540771	0.9253672861561758	0.8445082523665011	0.8482664237220501	0.9384114449026381	0.908454446349099	0.9311068502708957	0.9414119107266068	0.8775507484317808	0.8417873593840673	0.8787665278667236	0.9384754607260423	0.8809242545233309	0.9050846803305795	0.9174869143781069	0.9185423206596987	0.9263946617783557	0.9233850741440344	0.9500552929239371	0.9265305565160531	0.8237406762776197	0.8737861760289777	0.8874891067832917	0.9212705825547393	0.9908343558915482	0.98702807719837	0.9896414859497471	0.9793853188054964	0.9855019453205293	0.9980336030072167	0.9806683780525044	1.0	0.979033298715788	0.9916629585450518	0.9806484308998983	0.9894699611825916
BladderlocationDome_SexM	0.6797448049288215	0.8221503874543175	0.9340486995760583	0.9127809330057041	0.9576329005991174	0.9548656374046975	0.9614051475251467	0.8888998085608204	0.8938344912148165	0.934996813214556	0.8486722870290956	0.9017285507231804	0.8778757715196124	0.8774552731303366	0.8519376175882307	0.8991135715346784	0.9709872583059324	0.9542397539429195	0.9225312619651955	0.9131163364807824	0.6856744153181936	0.7007942482904399	0.9660243832303511	0.9479623790401024	0.9613345154019185	0.9550698455689723	0.9389366804177379	0.9502922652676984	0.9327973636284225	0.9334750669550492	0.9352689592456603	0.9372595476896035	0.9497031302080021	0.9323705740111949	0.947938232037022	0.9108686927385529	0.806684482526929	0.8032811868287514	0.8851449891419942	0.9315034097210222	0.9247871030453425	0.9270540102327076	0.6994465553056283	0.965899404574237	0.944281921418504	0.9318875267856563	0.9626748937312791	0.736152147892637	0.9169434433385829	0.8377510506718276	0.7825332357710368	0.9523466506225937	0.9350754522164887	0.9085181813392385	0.6209314533641145	0.9206280939278635	0.9511766068965716	0.8499211511055075	0.8622840512305934	0.9074848442403418	0.9318879234344754	0.9707292690889301	0.961319587738499	0.9133128909909393	0.8666542895723164	0.8948927666230954	0.9195335970231531	0.9091660170753686	0.933711428861675	0.9178646294941061	0.8715771524576006	0.9630096180760268	0.9612597447195752	0.9585948735007606	0.9540435543035182	0.7949637592010687	0.8570681099891794	0.9385941314610812	0.9399430876629032	0.9975739991197304	0.9959422808036277	0.9858961219345375	0.977047724737303	0.9972343164604319	0.9840668152276694	0.9991237913152307	0.979033298715788	1.0	0.9848438414345361	0.9967151654028735	0.9973522585669339
BladderlocationTrigone_SexF	0.7012956232057335	0.8257304696960289	0.9479773295319693	0.9434901951265091	0.9627791178834486	0.9236658612302148	0.937920689043178	0.9116702976335346	0.9205464382344825	0.923267647970608	0.8610904560486927	0.9013655666907413	0.9082587786526818	0.9221235071652611	0.8890766311453729	0.931931119013138	0.9580790634980729	0.9472898859826573	0.954163268064497	0.9421592307447454	0.7383390624981255	0.7634592614252704	0.9348952775983929	0.9238289496131095	0.9652931365407007	0.9567702024137851	0.9208253295455404	0.9386459718248227	0.9189339447278277	0.8931328964071948	0.9359710650943666	0.9404722790568001	0.9578853809473945	0.9494575227035247	0.9512899459730451	0.9036402649193052	0.8233265427942263	0.823089612828867	0.8906027643408069	0.9165473334703312	0.923722717332562	0.9148920072537944	0.7260616584074556	0.9297526176780232	0.917254231620328	0.9047253070989247	0.9518109436964269	0.767343312045683	0.8882379205496175	0.8477690473095292	0.7946025136537651	0.9260115657246031	0.9190553540434361	0.8875325596122868	0.6419668407358573	0.9385853369993119	0.9309733474612362	0.8687807808400255	0.8633678261077299	0.9347549995162491	0.9249206242239341	0.9439158354784385	0.9449125367042258	0.9114685242984123	0.8409608980989072	0.8683650337560219	0.9196692373732874	0.8895612278232871	0.9158067874775263	0.9130054149328529	0.9107808401666216	0.9384829457410068	0.9383250664665642	0.9431182178751176	0.928296673993011	0.797654019940194	0.8686465407750628	0.8983767241454732	0.9261977975736408	0.9918656795085752	0.9934802395199241	0.9882942115703739	0.9747035851867019	0.9911321857946388	0.9977825430958793	0.986347023325327	0.9916629585450518	0.9848438414345361	1.0	0.9861982926134096	0.9932482160979812
BladderlocationTrigone_SexM	0.6721357581949664	0.8212893430504489	0.9408864041172605	0.9170612894488971	0.9569671488279757	0.9546354617856315	0.9646679060341129	0.890212351223293	0.8970165215255218	0.936475175768607	0.8490644537767381	0.9048410081220032	0.8787175924802715	0.883170558179752	0.8554118331257947	0.9046105774178844	0.963003254260399	0.9544658263250576	0.9258383069434473	0.9171823470399767	0.6905671717661483	0.6991474598735994	0.9576798049554025	0.9460642591095338	0.9550846603548111	0.9565445655659757	0.9271052313427096	0.9476956117577776	0.9348335032226095	0.9365466630292687	0.9339581261510477	0.9333808515717416	0.9524611014829926	0.9346418879901549	0.9495776919556812	0.9187578836793029	0.8005559123716979	0.8063103866804838	0.8845033059874362	0.9283147479158685	0.9194857302770114	0.9279426824081567	0.7068079074105867	0.9650444870280677	0.9512575979868193	0.9342261466512548	0.9622693257697308	0.7286940761169468	0.9153260107166109	0.839867847312593	0.7830145642664708	0.9545290924593584	0.9395136135493498	0.9003617150425293	0.6334474371745639	0.9178514764025678	0.9513649958793727	0.8450193894070124	0.8651062621773016	0.9095498933735405	0.9313340187408395	0.9683414170787257	0.9597540369732606	0.9093798727291641	0.864285509271929	0.8995574986072161	0.915907412466807	0.9094755654799562	0.9255055615893183	0.9188646284065343	0.8795136117922321	0.963464006042466	0.9639601517871503	0.9574272156010811	0.9570065834473112	0.7862653157607716	0.856200190161524	0.9291884561326698	0.9434497700077034	0.9959469595630616	0.9986427206691495	0.9856328710902502	0.9768507192875924	0.9980482854896756	0.9855500645644995	0.9992309145230108	0.9806484308998983	0.9967151654028735	0.9861982926134096	1.0	0.9979177082288637
all_samples	0.6873291730463459	0.8225481126289146	0.9453962920667808	0.9284322669056444	0.9640856858341413	0.9447355859712265	0.9570865620081824	0.9053840574116895	0.9097281623374436	0.9350252226732234	0.8573616020034087	0.9070364483041513	0.8899922708687014	0.898272595350505	0.8709584617594075	0.9129992135051426	0.9685273544179517	0.9563441877704343	0.9373488307488336	0.9242998191254788	0.7091483516412795	0.7281128382164567	0.9562559929473765	0.9434127643412006	0.9659260697069406	0.962488753941086	0.9304156596002837	0.9486321193212862	0.934918323834269	0.9254208031425365	0.9389335046480638	0.9419678480908956	0.958231259083705	0.942588917552451	0.9530598811675728	0.9130829081219323	0.8112775675022443	0.8111715035733615	0.8962412084916435	0.9314114446840923	0.9224537590468572	0.924351260353353	0.7182169645631109	0.9572268274809711	0.9417795284279892	0.9289284161557914	0.9607493569807783	0.7504653084328324	0.9095725206485877	0.8450223587861614	0.7864057427378484	0.9462413407670586	0.9325698665319758	0.9054645108120679	0.6364073635363161	0.9301757033376351	0.9478725456974999	0.8541183511628804	0.8648301394839195	0.9218542669003332	0.9308198580614042	0.9633217639954165	0.9590962913166445	0.9097348378496514	0.8614885899442061	0.8935752679712805	0.9255295256254708	0.9055826207792173	0.9273803712902428	0.921462959813873	0.8922729587886699	0.9573558392109071	0.9564791701730361	0.9585227119060167	0.9505968006169732	0.8005455280598908	0.8651914715432075	0.9244817458790562	0.9399498350788337	0.9993889103151795	0.9994212003655316	0.9912033214296987	0.9813592792408337	0.9989976668501576	0.9934818671233103	0.9984620407625041	0.9894699611825916	0.9973522585669339	0.9932482160979812	0.9979177082288637	1.0
